"","phenocode","X","Unnamed..0","Unnamed..0.1","trait_type","pheno_sex","coding","modifier","description","description_more","coding_description","category","n_cases_full_cohort_both_sexes","n_cases_full_cohort_females","n_cases_full_cohort_males","pops","num_pops","n_cases_AFR","n_cases_AMR","n_cases_CSA","n_cases_EAS","n_cases_EUR","n_cases_MID","n_controls_AFR","n_controls_AMR","n_controls_CSA","n_controls_EAS","n_controls_EUR","n_controls_MID","saige_heritability_AFR","saige_heritability_AMR","saige_heritability_CSA","saige_heritability_EAS","saige_heritability_EUR","saige_heritability_MID","lambda_gc_AFR","lambda_gc_AMR","lambda_gc_CSA","lambda_gc_EAS","lambda_gc_EUR","lambda_gc_MID","filename","filename_tabix","aws_link","aws_link_tabix","wget","wget_tabix","size_in_bytes","size_in_bytes_tabix","md5_hex","md5_hex_tabix","phenocode_annotate_lst","category_manual","coding_description.1","new_pheno_annot","AB_ICD10","AB_PRESUMED.DIAGNOSIS"
"1","aldosterone antagonist|potassium-sparing diuretic|anti-hypertensive",1208,1208,6800,"prescriptions","both_sexes","","","","","","",1685,585,918,"EUR",1,NA,NA,NA,NA,1414,NA,NA,NA,NA,NA,419117,NA,NA,NA,NA,NA,0.095301,NA,NA,NA,NA,NA,1.0358,NA,"prescriptions-aldosterone_antagonist|potassium-sparing_diuretic|anti-hypertensive-both_sexes.tsv.bgz","prescriptions-aldosterone_antagonist|potassium-sparing_diuretic|anti-hypertensive-both_sexes.tsv.bgz.tbi","https://pan-ukb-us-east-1.s3.amazonaws.com/sumstats_flat_files/prescriptions-aldosterone_antagonist|potassium-sparing_diuretic|anti-hypertensive-both_sexes.tsv.bgz","https://pan-ukb-us-east-1.s3.amazonaws.com/sumstats_flat_files_tabix/prescriptions-aldosterone_antagonist|potassium-sparing_diuretic|anti-hypertensive-both_sexes.tsv.bgz.tbi","wget https://pan-ukb-us-east-1.s3.amazonaws.com/sumstats_flat_files/prescriptions-aldosterone_antagonist|potassium-sparing_diuretic|anti-hypertensive-both_sexes.tsv.bgz","wget https://pan-ukb-us-east-1.s3.amazonaws.com/sumstats_flat_files_tabix/prescriptions-aldosterone_antagonist|potassium-sparing_diuretic|anti-hypertensive-both_sexes.tsv.bgz.tbi",540352118,1752021,"d7286f4ddbf91a89c175de5f25889c95","f1ea11873f7611acaa918a3a51fd90df","PR_aldosterone_antagonist_potassium-sparing_diuretic_anti-hypertensive_h0.09530_n1685","Medications","","PR_aldosterone_antagonist_potassium-sparing_diuretic_anti-hypertensive_h0.09530_n1685","I10","HTN"
"2","amiloride/furosemide",1209,1209,6809,"prescriptions","both_sexes","","","","","","combination diuretic,diuretic",924,487,349,"EUR",1,NA,NA,NA,NA,800,NA,NA,NA,NA,NA,419731,NA,NA,NA,NA,NA,0.072565,NA,NA,NA,NA,NA,1.02,NA,"prescriptions-amiloride_furosemide-both_sexes.tsv.bgz","prescriptions-amiloride_furosemide-both_sexes.tsv.bgz.tbi","https://pan-ukb-us-east-1.s3.amazonaws.com/sumstats_flat_files/prescriptions-amiloride_furosemide-both_sexes.tsv.bgz","https://pan-ukb-us-east-1.s3.amazonaws.com/sumstats_flat_files_tabix/prescriptions-amiloride_furosemide-both_sexes.tsv.bgz.tbi","wget https://pan-ukb-us-east-1.s3.amazonaws.com/sumstats_flat_files/prescriptions-amiloride_furosemide-both_sexes.tsv.bgz","wget https://pan-ukb-us-east-1.s3.amazonaws.com/sumstats_flat_files_tabix/prescriptions-amiloride_furosemide-both_sexes.tsv.bgz.tbi",534895951,1751645,"e6fa482c5cab6e7f640a1c14cb3d71d7","56b689446da26f2327c8e823f3b78278","PR_amiloride_furosemide_h0.07257_n924","Medications","","PR_amiloride_furosemide_h0.07257_n924","I50_I10","HF/HTN"
"3","aminosalicylates|anti-inflammatory|IBD",1210,1210,6812,"prescriptions","both_sexes","","","","","","",898,413,400,"EUR",1,NA,NA,NA,NA,762,NA,NA,NA,NA,NA,419769,NA,NA,NA,NA,NA,0.072655,NA,NA,NA,NA,NA,1.0082,NA,"prescriptions-aminosalicylates|anti-inflammatory|IBD-both_sexes.tsv.bgz","prescriptions-aminosalicylates|anti-inflammatory|IBD-both_sexes.tsv.bgz.tbi","https://pan-ukb-us-east-1.s3.amazonaws.com/sumstats_flat_files/prescriptions-aminosalicylates|anti-inflammatory|IBD-both_sexes.tsv.bgz","https://pan-ukb-us-east-1.s3.amazonaws.com/sumstats_flat_files_tabix/prescriptions-aminosalicylates|anti-inflammatory|IBD-both_sexes.tsv.bgz.tbi","wget https://pan-ukb-us-east-1.s3.amazonaws.com/sumstats_flat_files/prescriptions-aminosalicylates|anti-inflammatory|IBD-both_sexes.tsv.bgz","wget https://pan-ukb-us-east-1.s3.amazonaws.com/sumstats_flat_files_tabix/prescriptions-aminosalicylates|anti-inflammatory|IBD-both_sexes.tsv.bgz.tbi",534853135,1751516,"ea5b13f3e8e6c5eaba243840a85d0139","92554b0a3303b4c1de7202921521c894","PR_aminosalicylates_anti-inflammatory_IBD_h0.07265_n898","Medications","","PR_aminosalicylates_anti-inflammatory_IBD_h0.07265_n898","K50","IBD-CD"
"4","amiodarone",1211,1211,6813,"prescriptions","both_sexes","","","","","","anti-arrhythmic",1394,289,981,"EUR",1,NA,NA,NA,NA,1213,NA,NA,NA,NA,NA,419318,NA,NA,NA,NA,NA,0.077384,NA,NA,NA,NA,NA,1.0174,NA,"prescriptions-amiodarone-both_sexes.tsv.bgz","prescriptions-amiodarone-both_sexes.tsv.bgz.tbi","https://pan-ukb-us-east-1.s3.amazonaws.com/sumstats_flat_files/prescriptions-amiodarone-both_sexes.tsv.bgz","https://pan-ukb-us-east-1.s3.amazonaws.com/sumstats_flat_files_tabix/prescriptions-amiodarone-both_sexes.tsv.bgz.tbi","wget https://pan-ukb-us-east-1.s3.amazonaws.com/sumstats_flat_files/prescriptions-amiodarone-both_sexes.tsv.bgz","wget https://pan-ukb-us-east-1.s3.amazonaws.com/sumstats_flat_files_tabix/prescriptions-amiodarone-both_sexes.tsv.bgz.tbi",538727346,1751838,"17269a32d5d9f8424432d692b4706a76","149f003277eb87f64641ea4d12c20086","PR_amiodarone_h0.07738_n1394","Medications","","PR_amiodarone_h0.07738_n1394","I48","AF"
"5","anti-arrhythmic",1212,1212,6824,"prescriptions","both_sexes","","","","","","",2231,650,1379,"EUR",1,NA,NA,NA,NA,1945,NA,NA,NA,NA,NA,418586,NA,NA,NA,NA,NA,0.0792,NA,NA,NA,NA,NA,1.0278,NA,"prescriptions-anti-arrhythmic-both_sexes.tsv.bgz","prescriptions-anti-arrhythmic-both_sexes.tsv.bgz.tbi","https://pan-ukb-us-east-1.s3.amazonaws.com/sumstats_flat_files/prescriptions-anti-arrhythmic-both_sexes.tsv.bgz","https://pan-ukb-us-east-1.s3.amazonaws.com/sumstats_flat_files_tabix/prescriptions-anti-arrhythmic-both_sexes.tsv.bgz.tbi","wget https://pan-ukb-us-east-1.s3.amazonaws.com/sumstats_flat_files/prescriptions-anti-arrhythmic-both_sexes.tsv.bgz","wget https://pan-ukb-us-east-1.s3.amazonaws.com/sumstats_flat_files_tabix/prescriptions-anti-arrhythmic-both_sexes.tsv.bgz.tbi",542238737,1751859,"67641bfa1e266fd35211b6c3382ee833","5df266e820f3864fb126c23514299e42","PR_anti-arrhythmic_h0.07920_n2231","Medications","","PR_anti-arrhythmic_h0.07920_n2231","I48","AF"
"6","anti-arrhythmic|non-selective beta-blocker|beta blocker",1213,1213,6825,"prescriptions","both_sexes","","","","","","",1084,452,535,"EUR",1,NA,NA,NA,NA,947,NA,NA,NA,NA,NA,419584,NA,NA,NA,NA,NA,0.23745,NA,NA,NA,NA,NA,1.0315,NA,"prescriptions-anti-arrhythmic|non-selective_beta-blocker|beta_blocker-both_sexes.tsv.bgz","prescriptions-anti-arrhythmic|non-selective_beta-blocker|beta_blocker-both_sexes.tsv.bgz.tbi","https://pan-ukb-us-east-1.s3.amazonaws.com/sumstats_flat_files/prescriptions-anti-arrhythmic|non-selective_beta-blocker|beta_blocker-both_sexes.tsv.bgz","https://pan-ukb-us-east-1.s3.amazonaws.com/sumstats_flat_files_tabix/prescriptions-anti-arrhythmic|non-selective_beta-blocker|beta_blocker-both_sexes.tsv.bgz.tbi","wget https://pan-ukb-us-east-1.s3.amazonaws.com/sumstats_flat_files/prescriptions-anti-arrhythmic|non-selective_beta-blocker|beta_blocker-both_sexes.tsv.bgz","wget https://pan-ukb-us-east-1.s3.amazonaws.com/sumstats_flat_files_tabix/prescriptions-anti-arrhythmic|non-selective_beta-blocker|beta_blocker-both_sexes.tsv.bgz.tbi",536883876,1751411,"4411e74061d41076324d14ec215cd763","cfed2bf93c81e66716f0648d7ed3e139","PR_anti-arrhythmic_non-selective_beta-blocker_beta_blocker_h0.23745_n1084","Medications","","PR_anti-arrhythmic_non-selective_beta-blocker_beta_blocker_h0.23745_n1084","I48","AF"
"7","anti-coagulant|factor X inhibitor",1214,1214,6827,"prescriptions","both_sexes","","","","","","",1420,486,801,"EUR",1,NA,NA,NA,NA,1243,NA,NA,NA,NA,NA,419288,NA,NA,NA,NA,NA,0.093309,NA,NA,NA,NA,NA,1.0223,NA,"prescriptions-anti-coagulant|factor_X_inhibitor-both_sexes.tsv.bgz","prescriptions-anti-coagulant|factor_X_inhibitor-both_sexes.tsv.bgz.tbi","https://pan-ukb-us-east-1.s3.amazonaws.com/sumstats_flat_files/prescriptions-anti-coagulant|factor_X_inhibitor-both_sexes.tsv.bgz","https://pan-ukb-us-east-1.s3.amazonaws.com/sumstats_flat_files_tabix/prescriptions-anti-coagulant|factor_X_inhibitor-both_sexes.tsv.bgz.tbi","wget https://pan-ukb-us-east-1.s3.amazonaws.com/sumstats_flat_files/prescriptions-anti-coagulant|factor_X_inhibitor-both_sexes.tsv.bgz","wget https://pan-ukb-us-east-1.s3.amazonaws.com/sumstats_flat_files_tabix/prescriptions-anti-coagulant|factor_X_inhibitor-both_sexes.tsv.bgz.tbi",539229989,1751538,"fc6e01d991d4592205d49eae135df038","839014d51a3e0964ff97f472dcd3f7ff","PR_anti-coagulant_factor_X_inhibitor_h0.09331_n1420","Medications","","PR_anti-coagulant_factor_X_inhibitor_h0.09331_n1420","I48","AF"
"8","atenolol/chlorthalidone",1215,1215,6851,"prescriptions","both_sexes","","","","","","combination anti-hypertensive,anti-hypertensive,beta blocker,diuretic,thiazide diuretic",360,164,159,"EUR",1,NA,NA,NA,NA,304,NA,NA,NA,NA,NA,420227,NA,NA,NA,NA,NA,0.19097,NA,NA,NA,NA,NA,0.98423,NA,"prescriptions-atenolol_chlorthalidone-both_sexes.tsv.bgz","prescriptions-atenolol_chlorthalidone-both_sexes.tsv.bgz.tbi","https://pan-ukb-us-east-1.s3.amazonaws.com/sumstats_flat_files/prescriptions-atenolol_chlorthalidone-both_sexes.tsv.bgz","https://pan-ukb-us-east-1.s3.amazonaws.com/sumstats_flat_files_tabix/prescriptions-atenolol_chlorthalidone-both_sexes.tsv.bgz.tbi","wget https://pan-ukb-us-east-1.s3.amazonaws.com/sumstats_flat_files/prescriptions-atenolol_chlorthalidone-both_sexes.tsv.bgz","wget https://pan-ukb-us-east-1.s3.amazonaws.com/sumstats_flat_files_tabix/prescriptions-atenolol_chlorthalidone-both_sexes.tsv.bgz.tbi",523694357,1750960,"f2819f2e8d48d65f9d680685156b53fc","ddfdb7b422950687f3003d66bcf4f3cb","PR_atenolol_chlorthalidone_h0.19097_n360","Medications","","PR_atenolol_chlorthalidone_h0.19097_n360","I48_I20_I10","AF/IHD/HTN"
"9","azathioprine",1216,1216,6854,"prescriptions","both_sexes","","","","","","immunosupressant,Rheumatoid arthritis",1003,486,415,"EUR",1,NA,NA,NA,NA,843,NA,NA,NA,NA,NA,419688,NA,NA,NA,NA,NA,0.11172,NA,NA,NA,NA,NA,1.0154,NA,"prescriptions-azathioprine-both_sexes.tsv.bgz","prescriptions-azathioprine-both_sexes.tsv.bgz.tbi","https://pan-ukb-us-east-1.s3.amazonaws.com/sumstats_flat_files/prescriptions-azathioprine-both_sexes.tsv.bgz","https://pan-ukb-us-east-1.s3.amazonaws.com/sumstats_flat_files_tabix/prescriptions-azathioprine-both_sexes.tsv.bgz.tbi","wget https://pan-ukb-us-east-1.s3.amazonaws.com/sumstats_flat_files/prescriptions-azathioprine-both_sexes.tsv.bgz","wget https://pan-ukb-us-east-1.s3.amazonaws.com/sumstats_flat_files_tabix/prescriptions-azathioprine-both_sexes.tsv.bgz.tbi",535549795,1751532,"57401cd762c930538849fcfc0e0d42c3","52a28469e526f443e42ce9c2917d3a04","PR_azathioprine_h0.11172_n1003","Medications","","PR_azathioprine_h0.11172_n1003","M06_K50_G70","IBD/RA/MG"
"10","baclofen",1217,1217,6855,"prescriptions","both_sexes","","","","","","GABA agonist,muscle relaxant",1436,772,520,"EUR",1,NA,NA,NA,NA,1207,NA,NA,NA,NA,NA,419324,NA,NA,NA,NA,NA,0.093697,NA,NA,NA,NA,NA,1.0132,NA,"prescriptions-baclofen-both_sexes.tsv.bgz","prescriptions-baclofen-both_sexes.tsv.bgz.tbi","https://pan-ukb-us-east-1.s3.amazonaws.com/sumstats_flat_files/prescriptions-baclofen-both_sexes.tsv.bgz","https://pan-ukb-us-east-1.s3.amazonaws.com/sumstats_flat_files_tabix/prescriptions-baclofen-both_sexes.tsv.bgz.tbi","wget https://pan-ukb-us-east-1.s3.amazonaws.com/sumstats_flat_files/prescriptions-baclofen-both_sexes.tsv.bgz","wget https://pan-ukb-us-east-1.s3.amazonaws.com/sumstats_flat_files_tabix/prescriptions-baclofen-both_sexes.tsv.bgz.tbi",539092084,1751762,"bf637dfb4b691b2b9a709ad56419c359","0881827dff6cd9165977adc80e42f66d","PR_baclofen_h0.09370_n1436","Medications","","PR_baclofen_h0.09370_n1436","R52",NA
"11","beclamethasone/formoterol",1218,1218,6860,"prescriptions","both_sexes","","","","","","corticosteroid",1831,1001,667,"EUR",1,NA,NA,NA,NA,1587,NA,NA,NA,NA,NA,418944,NA,NA,NA,NA,NA,0.23793,NA,NA,NA,NA,NA,1.0133,NA,"prescriptions-beclamethasone_formoterol-both_sexes.tsv.bgz","prescriptions-beclamethasone_formoterol-both_sexes.tsv.bgz.tbi","https://pan-ukb-us-east-1.s3.amazonaws.com/sumstats_flat_files/prescriptions-beclamethasone_formoterol-both_sexes.tsv.bgz","https://pan-ukb-us-east-1.s3.amazonaws.com/sumstats_flat_files_tabix/prescriptions-beclamethasone_formoterol-both_sexes.tsv.bgz.tbi","wget https://pan-ukb-us-east-1.s3.amazonaws.com/sumstats_flat_files/prescriptions-beclamethasone_formoterol-both_sexes.tsv.bgz","wget https://pan-ukb-us-east-1.s3.amazonaws.com/sumstats_flat_files_tabix/prescriptions-beclamethasone_formoterol-both_sexes.tsv.bgz.tbi",541181546,1752154,"8190b124d6639543121c3eb16ae8a2b2","b10f8b598ddba5b517b20d1ceb005993","PR_beclamethasone_formoterol_h0.23793_n1831","Medications","","PR_beclamethasone_formoterol_h0.23793_n1831","J45","Asthma"
"12","bendrofluazide",1219,1219,6864,"prescriptions","both_sexes","","","","","","thiazide diuretic,diuretic",762,394,275,"EUR",1,NA,NA,NA,NA,630,NA,NA,NA,NA,NA,419901,NA,NA,NA,NA,NA,0.22754,NA,NA,NA,NA,NA,1.0019,NA,"prescriptions-bendrofluazide-both_sexes.tsv.bgz","prescriptions-bendrofluazide-both_sexes.tsv.bgz.tbi","https://pan-ukb-us-east-1.s3.amazonaws.com/sumstats_flat_files/prescriptions-bendrofluazide-both_sexes.tsv.bgz","https://pan-ukb-us-east-1.s3.amazonaws.com/sumstats_flat_files_tabix/prescriptions-bendrofluazide-both_sexes.tsv.bgz.tbi","wget https://pan-ukb-us-east-1.s3.amazonaws.com/sumstats_flat_files/prescriptions-bendrofluazide-both_sexes.tsv.bgz","wget https://pan-ukb-us-east-1.s3.amazonaws.com/sumstats_flat_files_tabix/prescriptions-bendrofluazide-both_sexes.tsv.bgz.tbi",532755818,1751266,"ea24386901fc3eb31a747a15a988b391","f0b01c9f7a811f912fffddbe5dfbba57","PR_bendrofluazide_h0.22754_n762","Medications","","PR_bendrofluazide_h0.22754_n762","I50_I10","HF/HTN"
"13","bimatoprost",1220,1220,6878,"prescriptions","both_sexes","","","","","","prostaglandin analog",644,283,304,"EUR",1,NA,NA,NA,NA,537,NA,NA,NA,NA,NA,419994,NA,NA,NA,NA,NA,0.13309,NA,NA,NA,NA,NA,0.99128,NA,"prescriptions-bimatoprost-both_sexes.tsv.bgz","prescriptions-bimatoprost-both_sexes.tsv.bgz.tbi","https://pan-ukb-us-east-1.s3.amazonaws.com/sumstats_flat_files/prescriptions-bimatoprost-both_sexes.tsv.bgz","https://pan-ukb-us-east-1.s3.amazonaws.com/sumstats_flat_files_tabix/prescriptions-bimatoprost-both_sexes.tsv.bgz.tbi","wget https://pan-ukb-us-east-1.s3.amazonaws.com/sumstats_flat_files/prescriptions-bimatoprost-both_sexes.tsv.bgz","wget https://pan-ukb-us-east-1.s3.amazonaws.com/sumstats_flat_files_tabix/prescriptions-bimatoprost-both_sexes.tsv.bgz.tbi",531142544,1751555,"a50aff14096d3af3133fc29ad21799c8","6e021d90129c166e00d46aa72624bbaa","PR_bimatoprost_h0.13309_n644","Medications","","PR_bimatoprost_h0.13309_n644","H40","Glaucoma"
"14","bimatoprost/timolol",1221,1221,6879,"prescriptions","both_sexes","","","","","","prostaglandin analog/beta antagonist combination,prostaglandin analog,beta blocker",490,190,261,"EUR",1,NA,NA,NA,NA,421,NA,NA,NA,NA,NA,420110,NA,NA,NA,NA,NA,0.19308,NA,NA,NA,NA,NA,0.96345,NA,"prescriptions-bimatoprost_timolol-both_sexes.tsv.bgz","prescriptions-bimatoprost_timolol-both_sexes.tsv.bgz.tbi","https://pan-ukb-us-east-1.s3.amazonaws.com/sumstats_flat_files/prescriptions-bimatoprost_timolol-both_sexes.tsv.bgz","https://pan-ukb-us-east-1.s3.amazonaws.com/sumstats_flat_files_tabix/prescriptions-bimatoprost_timolol-both_sexes.tsv.bgz.tbi","wget https://pan-ukb-us-east-1.s3.amazonaws.com/sumstats_flat_files/prescriptions-bimatoprost_timolol-both_sexes.tsv.bgz","wget https://pan-ukb-us-east-1.s3.amazonaws.com/sumstats_flat_files_tabix/prescriptions-bimatoprost_timolol-both_sexes.tsv.bgz.tbi",527967980,1751577,"a0920d697a31048cee19d54606634b07","55c70be7fd9cbfe43913ff678532df1e","PR_bimatoprost_timolol_h0.19308_n490","Medications","","PR_bimatoprost_timolol_h0.19308_n490","H40","Glaucoma"
"15","brimonidine",1222,1222,6883,"prescriptions","both_sexes","","","","","","selective alpha2-agonist,alpha agonist",550,216,277,"EUR",1,NA,NA,NA,NA,445,NA,NA,NA,NA,NA,420086,NA,NA,NA,NA,NA,0.17904,NA,NA,NA,NA,NA,0.9966,NA,"prescriptions-brimonidine-both_sexes.tsv.bgz","prescriptions-brimonidine-both_sexes.tsv.bgz.tbi","https://pan-ukb-us-east-1.s3.amazonaws.com/sumstats_flat_files/prescriptions-brimonidine-both_sexes.tsv.bgz","https://pan-ukb-us-east-1.s3.amazonaws.com/sumstats_flat_files_tabix/prescriptions-brimonidine-both_sexes.tsv.bgz.tbi","wget https://pan-ukb-us-east-1.s3.amazonaws.com/sumstats_flat_files/prescriptions-brimonidine-both_sexes.tsv.bgz","wget https://pan-ukb-us-east-1.s3.amazonaws.com/sumstats_flat_files_tabix/prescriptions-brimonidine-both_sexes.tsv.bgz.tbi",528602313,1751546,"7d1ed96608c763a58103b4fdd789a7f5","bbe9ca2f9d3be3766f722533d15c8a72","PR_brimonidine_h0.17904_n550","Medications","","PR_brimonidine_h0.17904_n550","H40","Glaucoma"
"16","budesonide",1223,1223,6885,"prescriptions","both_sexes","","","","","","corticosteroid",1552,881,521,"EUR",1,NA,NA,NA,NA,1322,NA,NA,NA,NA,NA,419209,NA,NA,NA,NA,NA,0.119,NA,NA,NA,NA,NA,1.0093,NA,"prescriptions-budesonide-both_sexes.tsv.bgz","prescriptions-budesonide-both_sexes.tsv.bgz.tbi","https://pan-ukb-us-east-1.s3.amazonaws.com/sumstats_flat_files/prescriptions-budesonide-both_sexes.tsv.bgz","https://pan-ukb-us-east-1.s3.amazonaws.com/sumstats_flat_files_tabix/prescriptions-budesonide-both_sexes.tsv.bgz.tbi","wget https://pan-ukb-us-east-1.s3.amazonaws.com/sumstats_flat_files/prescriptions-budesonide-both_sexes.tsv.bgz","wget https://pan-ukb-us-east-1.s3.amazonaws.com/sumstats_flat_files_tabix/prescriptions-budesonide-both_sexes.tsv.bgz.tbi",539733726,1751720,"f70597ae7cc9170a8676ce9d61d41728","705ae9827a086f0c998fcfbcec49c804","PR_budesonide_h0.11900_n1552","Medications","","PR_budesonide_h0.11900_n1552","I50_I10","HF/HTN"
"17","calcipotriol",1224,1224,6888,"prescriptions","both_sexes","","","","","","vitamin D derivative",1615,687,786,"EUR",1,NA,NA,NA,NA,1396,NA,NA,NA,NA,NA,419135,NA,NA,NA,NA,NA,0.10344,NA,NA,NA,NA,NA,1.0298,NA,"prescriptions-calcipotriol-both_sexes.tsv.bgz","prescriptions-calcipotriol-both_sexes.tsv.bgz.tbi","https://pan-ukb-us-east-1.s3.amazonaws.com/sumstats_flat_files/prescriptions-calcipotriol-both_sexes.tsv.bgz","https://pan-ukb-us-east-1.s3.amazonaws.com/sumstats_flat_files_tabix/prescriptions-calcipotriol-both_sexes.tsv.bgz.tbi","wget https://pan-ukb-us-east-1.s3.amazonaws.com/sumstats_flat_files/prescriptions-calcipotriol-both_sexes.tsv.bgz","wget https://pan-ukb-us-east-1.s3.amazonaws.com/sumstats_flat_files_tabix/prescriptions-calcipotriol-both_sexes.tsv.bgz.tbi",540121676,1751621,"02c69146a0ae0f01e7dd5f029910942a","d5ffb64b33672d9ec1b03f093ae8b834","PR_calcipotriol_h0.10344_n1615","Medications","","PR_calcipotriol_h0.10344_n1615","L40","Psoriasis"
"18","calcium channel blocker|anti-hypertensive|dihydropyridine",1225,1225,6893,"prescriptions","both_sexes","","","","","","",602,265,290,"EUR",1,NA,NA,NA,NA,513,NA,NA,NA,NA,NA,420018,NA,NA,NA,NA,NA,0.2186,NA,NA,NA,NA,NA,0.9847,NA,"prescriptions-calcium_channel_blocker|anti-hypertensive|dihydropyridine-both_sexes.tsv.bgz","prescriptions-calcium_channel_blocker|anti-hypertensive|dihydropyridine-both_sexes.tsv.bgz.tbi","https://pan-ukb-us-east-1.s3.amazonaws.com/sumstats_flat_files/prescriptions-calcium_channel_blocker|anti-hypertensive|dihydropyridine-both_sexes.tsv.bgz","https://pan-ukb-us-east-1.s3.amazonaws.com/sumstats_flat_files_tabix/prescriptions-calcium_channel_blocker|anti-hypertensive|dihydropyridine-both_sexes.tsv.bgz.tbi","wget https://pan-ukb-us-east-1.s3.amazonaws.com/sumstats_flat_files/prescriptions-calcium_channel_blocker|anti-hypertensive|dihydropyridine-both_sexes.tsv.bgz","wget https://pan-ukb-us-east-1.s3.amazonaws.com/sumstats_flat_files_tabix/prescriptions-calcium_channel_blocker|anti-hypertensive|dihydropyridine-both_sexes.tsv.bgz.tbi",530742361,1751318,"9b4535aa84c5b628a28e75029747c895","5ac864b239e4d3d36bbcf781ebcb485b","PR_calcium_channel_blocker_anti-hypertensive_dihydropyridine_h0.21860_n602","Medications","","PR_calcium_channel_blocker_anti-hypertensive_dihydropyridine_h0.21860_n602","I10","HTN"
"19","carbimazole",1226,1226,6898,"prescriptions","both_sexes","","","","","","methimazole pro-drug,thyroperoxidase inhibitor,methimazole,anti-thyroid",1184,801,244,"EUR",1,NA,NA,NA,NA,966,NA,NA,NA,NA,NA,419565,NA,NA,NA,NA,NA,0.13762,NA,NA,NA,NA,NA,1.007,NA,"prescriptions-carbimazole-both_sexes.tsv.bgz","prescriptions-carbimazole-both_sexes.tsv.bgz.tbi","https://pan-ukb-us-east-1.s3.amazonaws.com/sumstats_flat_files/prescriptions-carbimazole-both_sexes.tsv.bgz","https://pan-ukb-us-east-1.s3.amazonaws.com/sumstats_flat_files_tabix/prescriptions-carbimazole-both_sexes.tsv.bgz.tbi","wget https://pan-ukb-us-east-1.s3.amazonaws.com/sumstats_flat_files/prescriptions-carbimazole-both_sexes.tsv.bgz","wget https://pan-ukb-us-east-1.s3.amazonaws.com/sumstats_flat_files_tabix/prescriptions-carbimazole-both_sexes.tsv.bgz.tbi",536895976,1751676,"57948070ca432c248a2647c5fd509910","216f34fb2d9abf49f54a7ec740819b8b","PR_carbimazole_h0.13762_n1184","Medications","","PR_carbimazole_h0.13762_n1184","E05","Hyperthyroidism"
"20","carbonic anhydrase inhibitor",1227,1227,6901,"prescriptions","both_sexes","","","","","","",1268,531,629,"EUR",1,NA,NA,NA,NA,1066,NA,NA,NA,NA,NA,419465,NA,NA,NA,NA,NA,0.05243,NA,NA,NA,NA,NA,1.0606,NA,"prescriptions-carbonic_anhydrase_inhibitor-both_sexes.tsv.bgz","prescriptions-carbonic_anhydrase_inhibitor-both_sexes.tsv.bgz.tbi","https://pan-ukb-us-east-1.s3.amazonaws.com/sumstats_flat_files/prescriptions-carbonic_anhydrase_inhibitor-both_sexes.tsv.bgz","https://pan-ukb-us-east-1.s3.amazonaws.com/sumstats_flat_files_tabix/prescriptions-carbonic_anhydrase_inhibitor-both_sexes.tsv.bgz.tbi","wget https://pan-ukb-us-east-1.s3.amazonaws.com/sumstats_flat_files/prescriptions-carbonic_anhydrase_inhibitor-both_sexes.tsv.bgz","wget https://pan-ukb-us-east-1.s3.amazonaws.com/sumstats_flat_files_tabix/prescriptions-carbonic_anhydrase_inhibitor-both_sexes.tsv.bgz.tbi",538039850,1751848,"a4f6d011baadb1be1df5aee9d9af1b5e","ab5518b6e48ae728f20b3605a7fcf2d4","PR_carbonic_anhydrase_inhibitor_h0.05243_n1268","Medications","","PR_carbonic_anhydrase_inhibitor_h0.05243_n1268","H40","Glaucoma"
"21","clonazepam",1228,1228,6918,"prescriptions","both_sexes","","","","","","benzodiazepine,sedative,anxiety",889,414,383,"EUR",1,NA,NA,NA,NA,753,NA,NA,NA,NA,NA,419778,NA,NA,NA,NA,NA,0.15269,NA,NA,NA,NA,NA,1.0031,NA,"prescriptions-clonazepam-both_sexes.tsv.bgz","prescriptions-clonazepam-both_sexes.tsv.bgz.tbi","https://pan-ukb-us-east-1.s3.amazonaws.com/sumstats_flat_files/prescriptions-clonazepam-both_sexes.tsv.bgz","https://pan-ukb-us-east-1.s3.amazonaws.com/sumstats_flat_files_tabix/prescriptions-clonazepam-both_sexes.tsv.bgz.tbi","wget https://pan-ukb-us-east-1.s3.amazonaws.com/sumstats_flat_files/prescriptions-clonazepam-both_sexes.tsv.bgz","wget https://pan-ukb-us-east-1.s3.amazonaws.com/sumstats_flat_files_tabix/prescriptions-clonazepam-both_sexes.tsv.bgz.tbi",534814806,1751670,"583c4970b3c440d4db511c441ad180c2","18c1f444188a1993f61b84e13b03a6ee","PR_clonazepam_h0.15269_n889","Medications","","PR_clonazepam_h0.15269_n889","G40_F31","Epilepsy/Mood disorder"
"22","combination anti-hypertensive|anti-hypertensive|beta blocker|diuretic|thiazide diuretic",1229,1229,6929,"prescriptions","both_sexes","","","","","","",360,164,159,"EUR",1,NA,NA,NA,NA,304,NA,NA,NA,NA,NA,420227,NA,NA,NA,NA,NA,0.19092,NA,NA,NA,NA,NA,1.0001,NA,"prescriptions-combination_anti-hypertensive|anti-hypertensive|beta_blocker|diuretic|thiazide_diuretic-both_sexes.tsv.bgz","prescriptions-combination_anti-hypertensive|anti-hypertensive|beta_blocker|diuretic|thiazide_diuretic-both_sexes.tsv.bgz.tbi","https://pan-ukb-us-east-1.s3.amazonaws.com/sumstats_flat_files/prescriptions-combination_anti-hypertensive|anti-hypertensive|beta_blocker|diuretic|thiazide_diuretic-both_sexes.tsv.bgz","https://pan-ukb-us-east-1.s3.amazonaws.com/sumstats_flat_files_tabix/prescriptions-combination_anti-hypertensive|anti-hypertensive|beta_blocker|diuretic|thiazide_diuretic-both_sexes.tsv.bgz.tbi","wget https://pan-ukb-us-east-1.s3.amazonaws.com/sumstats_flat_files/prescriptions-combination_anti-hypertensive|anti-hypertensive|beta_blocker|diuretic|thiazide_diuretic-both_sexes.tsv.bgz","wget https://pan-ukb-us-east-1.s3.amazonaws.com/sumstats_flat_files_tabix/prescriptions-combination_anti-hypertensive|anti-hypertensive|beta_blocker|diuretic|thiazide_diuretic-both_sexes.tsv.bgz.tbi",523693932,1750887,"7bb68ed94dfd14eda65a077edb2b42e5","1cfd413ba6c3215657bb8df5d4e9e11d","PR_combination_anti-hypertensive_anti-hypertensive_beta_blocker_diuretic_thiazide_diuretic_h0.19092_n360","Medications","","PR_combination_anti-hypertensive_anti-hypertensive_beta_blocker_diuretic_thiazide_diuretic_h0.19092_n360","I10","HTN"
"23","combination diuretic|diuretic",1230,1230,6931,"prescriptions","both_sexes","","","","","","",924,487,349,"EUR",1,NA,NA,NA,NA,800,NA,NA,NA,NA,NA,419731,NA,NA,NA,NA,NA,0.072685,NA,NA,NA,NA,NA,1.0126,NA,"prescriptions-combination_diuretic|diuretic-both_sexes.tsv.bgz","prescriptions-combination_diuretic|diuretic-both_sexes.tsv.bgz.tbi","https://pan-ukb-us-east-1.s3.amazonaws.com/sumstats_flat_files/prescriptions-combination_diuretic|diuretic-both_sexes.tsv.bgz","https://pan-ukb-us-east-1.s3.amazonaws.com/sumstats_flat_files_tabix/prescriptions-combination_diuretic|diuretic-both_sexes.tsv.bgz.tbi","wget https://pan-ukb-us-east-1.s3.amazonaws.com/sumstats_flat_files/prescriptions-combination_diuretic|diuretic-both_sexes.tsv.bgz","wget https://pan-ukb-us-east-1.s3.amazonaws.com/sumstats_flat_files_tabix/prescriptions-combination_diuretic|diuretic-both_sexes.tsv.bgz.tbi",535033789,1751710,"ad5d38c03560bec72b18b68692701316","bb6a89f0b1a1cc8ce47039690a72a641","PR_combination_diuretic_diuretic_h0.07268_n924","Medications","","PR_combination_diuretic_diuretic_h0.07268_n924","I50_I10","HF/HTN"
"24","digoxin",1231,1231,6947,"prescriptions","both_sexes","","","","","","sodium/potassium transporter inhibitor,heart failure",1816,568,1098,"EUR",1,NA,NA,NA,NA,1600,NA,NA,NA,NA,NA,418931,NA,NA,NA,NA,NA,0.22051,NA,NA,NA,NA,NA,1.0184,NA,"prescriptions-digoxin-both_sexes.tsv.bgz","prescriptions-digoxin-both_sexes.tsv.bgz.tbi","https://pan-ukb-us-east-1.s3.amazonaws.com/sumstats_flat_files/prescriptions-digoxin-both_sexes.tsv.bgz","https://pan-ukb-us-east-1.s3.amazonaws.com/sumstats_flat_files_tabix/prescriptions-digoxin-both_sexes.tsv.bgz.tbi","wget https://pan-ukb-us-east-1.s3.amazonaws.com/sumstats_flat_files/prescriptions-digoxin-both_sexes.tsv.bgz","wget https://pan-ukb-us-east-1.s3.amazonaws.com/sumstats_flat_files_tabix/prescriptions-digoxin-both_sexes.tsv.bgz.tbi",540991522,1752023,"41a18a19bf4b7ffe5facac777dd3ceef","bdf568fcd74cedcd274f86d85d21ec38","PR_digoxin_h0.22051_n1816","Medications","","PR_digoxin_h0.22051_n1816","I48","AF"
"25","dopamine pro-drug / decarboxylase inhibitor|Parkinson's",1232,1232,6954,"prescriptions","both_sexes","","","","","","",831,293,471,"EUR",1,NA,NA,NA,NA,736,NA,NA,NA,NA,NA,419795,NA,NA,NA,NA,NA,0.18382,NA,NA,NA,NA,NA,0.99678,NA,"prescriptions-dopamine_pro-drug___decarboxylase_inhibitor|Parkinson's-both_sexes.tsv.bgz","prescriptions-dopamine_pro-drug___decarboxylase_inhibitor|Parkinson's-both_sexes.tsv.bgz.tbi","https://pan-ukb-us-east-1.s3.amazonaws.com/sumstats_flat_files/prescriptions-dopamine_pro-drug___decarboxylase_inhibitor|Parkinson's-both_sexes.tsv.bgz","https://pan-ukb-us-east-1.s3.amazonaws.com/sumstats_flat_files_tabix/prescriptions-dopamine_pro-drug___decarboxylase_inhibitor|Parkinson's-both_sexes.tsv.bgz.tbi","wget https://pan-ukb-us-east-1.s3.amazonaws.com/sumstats_flat_files/prescriptions-dopamine_pro-drug___decarboxylase_inhibitor|Parkinson's-both_sexes.tsv.bgz","wget https://pan-ukb-us-east-1.s3.amazonaws.com/sumstats_flat_files_tabix/prescriptions-dopamine_pro-drug___decarboxylase_inhibitor|Parkinson's-both_sexes.tsv.bgz.tbi",534214525,1751960,"c446512133e594a3f20f8bf1bee790b2","989f560399223b9d2a2882b5947bbfd0","PR_dopamine_pro-drug___decarboxylase_inhibitor_Parkinson's_h0.18382_n831","Medications","","PR_dopamine_pro-drug__decarboxylase_inhibitor_Parkinson's_h0.18382_n831","G20","Parkinsons"
"26","dorzolamide/timolol",1233,1233,6955,"prescriptions","both_sexes","","","","","","carbonic anhydrase inhibitor",543,208,280,"EUR",1,NA,NA,NA,NA,440,NA,NA,NA,NA,NA,420091,NA,NA,NA,NA,NA,0.16158,NA,NA,NA,NA,NA,1.0258,NA,"prescriptions-dorzolamide_timolol-both_sexes.tsv.bgz","prescriptions-dorzolamide_timolol-both_sexes.tsv.bgz.tbi","https://pan-ukb-us-east-1.s3.amazonaws.com/sumstats_flat_files/prescriptions-dorzolamide_timolol-both_sexes.tsv.bgz","https://pan-ukb-us-east-1.s3.amazonaws.com/sumstats_flat_files_tabix/prescriptions-dorzolamide_timolol-both_sexes.tsv.bgz.tbi","wget https://pan-ukb-us-east-1.s3.amazonaws.com/sumstats_flat_files/prescriptions-dorzolamide_timolol-both_sexes.tsv.bgz","wget https://pan-ukb-us-east-1.s3.amazonaws.com/sumstats_flat_files_tabix/prescriptions-dorzolamide_timolol-both_sexes.tsv.bgz.tbi",528821278,1751501,"4e35295ec02583b2e6be33e584a35bac","fc0541cb6c1302215e8dbf6d2b0dc6a2","PR_dorzolamide_timolol_h0.16158_n543","Medications","","PR_dorzolamide_timolol_h0.16158_n543","H40","Glaucoma"
"27","etodolac",1234,1234,6972,"prescriptions","both_sexes","","","","","","NSAID,non-steroidal anti-inflammatory drug",860,520,271,"EUR",1,NA,NA,NA,NA,745,NA,NA,NA,NA,NA,419786,NA,NA,NA,NA,NA,0.1391,NA,NA,NA,NA,NA,0.99875,NA,"prescriptions-etodolac-both_sexes.tsv.bgz","prescriptions-etodolac-both_sexes.tsv.bgz.tbi","https://pan-ukb-us-east-1.s3.amazonaws.com/sumstats_flat_files/prescriptions-etodolac-both_sexes.tsv.bgz","https://pan-ukb-us-east-1.s3.amazonaws.com/sumstats_flat_files_tabix/prescriptions-etodolac-both_sexes.tsv.bgz.tbi","wget https://pan-ukb-us-east-1.s3.amazonaws.com/sumstats_flat_files/prescriptions-etodolac-both_sexes.tsv.bgz","wget https://pan-ukb-us-east-1.s3.amazonaws.com/sumstats_flat_files_tabix/prescriptions-etodolac-both_sexes.tsv.bgz.tbi",533846461,1751614,"d688287f49f8f57f775e32c96c5647f0","6ba946ba8d6dfe98a1e437053cb336e1","PR_etodolac_h0.13910_n860","Medications","","PR_etodolac_h0.13910_n860","M19_R52","Arthritis (OA/RA)"
"28","flecainide",1235,1235,6981,"prescriptions","both_sexes","","","","","","anti-arrhythmic",982,399,494,"EUR",1,NA,NA,NA,NA,860,NA,NA,NA,NA,NA,419671,NA,NA,NA,NA,NA,0.14622,NA,NA,NA,NA,NA,1.0167,NA,"prescriptions-flecainide-both_sexes.tsv.bgz","prescriptions-flecainide-both_sexes.tsv.bgz.tbi","https://pan-ukb-us-east-1.s3.amazonaws.com/sumstats_flat_files/prescriptions-flecainide-both_sexes.tsv.bgz","https://pan-ukb-us-east-1.s3.amazonaws.com/sumstats_flat_files_tabix/prescriptions-flecainide-both_sexes.tsv.bgz.tbi","wget https://pan-ukb-us-east-1.s3.amazonaws.com/sumstats_flat_files/prescriptions-flecainide-both_sexes.tsv.bgz","wget https://pan-ukb-us-east-1.s3.amazonaws.com/sumstats_flat_files_tabix/prescriptions-flecainide-both_sexes.tsv.bgz.tbi",535798366,1751701,"f47d748ec29399df80384c0cb9603077","d7fa923949a35347a2d022655d566a3b","PR_flecainide_h0.14622_n982","Medications","","PR_flecainide_h0.14622_n982","I48","AF"
"29","GABA agonist|muscle relaxant",1207,1207,6782,"prescriptions","both_sexes","","","","","","",1436,772,520,"EUR",1,NA,NA,NA,NA,1207,NA,NA,NA,NA,NA,419324,NA,NA,NA,NA,NA,0.093723,NA,NA,NA,NA,NA,1.0175,NA,"prescriptions-GABA_agonist|muscle_relaxant-both_sexes.tsv.bgz","prescriptions-GABA_agonist|muscle_relaxant-both_sexes.tsv.bgz.tbi","https://pan-ukb-us-east-1.s3.amazonaws.com/sumstats_flat_files/prescriptions-GABA_agonist|muscle_relaxant-both_sexes.tsv.bgz","https://pan-ukb-us-east-1.s3.amazonaws.com/sumstats_flat_files_tabix/prescriptions-GABA_agonist|muscle_relaxant-both_sexes.tsv.bgz.tbi","wget https://pan-ukb-us-east-1.s3.amazonaws.com/sumstats_flat_files/prescriptions-GABA_agonist|muscle_relaxant-both_sexes.tsv.bgz","wget https://pan-ukb-us-east-1.s3.amazonaws.com/sumstats_flat_files_tabix/prescriptions-GABA_agonist|muscle_relaxant-both_sexes.tsv.bgz.tbi",539086855,1751658,"8e80a6de2b9056f095886b8b44685970","fd9eb61261c222bfdbc5eff2e574af81","PR_GABA_agonist_muscle_relaxant_h0.09372_n1436","Medications","","PR_GABA_agonist_muscle_relaxant_h0.09372_n1436","R52",NA
"30","glimepiride",1236,1236,7000,"prescriptions","both_sexes","","","","","","sulfonylurea,diabetes",378,132,201,"EUR",1,NA,NA,NA,NA,288,NA,NA,NA,NA,NA,420243,NA,NA,NA,NA,NA,0.30059,NA,NA,NA,NA,NA,0.99238,NA,"prescriptions-glimepiride-both_sexes.tsv.bgz","prescriptions-glimepiride-both_sexes.tsv.bgz.tbi","https://pan-ukb-us-east-1.s3.amazonaws.com/sumstats_flat_files/prescriptions-glimepiride-both_sexes.tsv.bgz","https://pan-ukb-us-east-1.s3.amazonaws.com/sumstats_flat_files_tabix/prescriptions-glimepiride-both_sexes.tsv.bgz.tbi","wget https://pan-ukb-us-east-1.s3.amazonaws.com/sumstats_flat_files/prescriptions-glimepiride-both_sexes.tsv.bgz","wget https://pan-ukb-us-east-1.s3.amazonaws.com/sumstats_flat_files_tabix/prescriptions-glimepiride-both_sexes.tsv.bgz.tbi",523148663,1751192,"420ad66e229a70604c6a679dc0892664","b5dafd81e2a4284f9aceeaf650b8e084","PR_glimepiride_h0.30059_n378","Medications","","PR_glimepiride_h0.30059_n378","E11","T2DM"
"31","imipramine",1237,1237,7014,"prescriptions","both_sexes","","","","","","tricyclic antidepressant,antidepressant",718,425,228,"EUR",1,NA,NA,NA,NA,627,NA,NA,NA,NA,NA,419904,NA,NA,NA,NA,NA,0.18274,NA,NA,NA,NA,NA,1.0214,NA,"prescriptions-imipramine-both_sexes.tsv.bgz","prescriptions-imipramine-both_sexes.tsv.bgz.tbi","https://pan-ukb-us-east-1.s3.amazonaws.com/sumstats_flat_files/prescriptions-imipramine-both_sexes.tsv.bgz","https://pan-ukb-us-east-1.s3.amazonaws.com/sumstats_flat_files_tabix/prescriptions-imipramine-both_sexes.tsv.bgz.tbi","wget https://pan-ukb-us-east-1.s3.amazonaws.com/sumstats_flat_files/prescriptions-imipramine-both_sexes.tsv.bgz","wget https://pan-ukb-us-east-1.s3.amazonaws.com/sumstats_flat_files_tabix/prescriptions-imipramine-both_sexes.tsv.bgz.tbi",532910143,1751741,"bdabc8380a0768b90ad53fc7b93849f2","7e7055f8f9b8f40e8a96c440bba2620e","PR_imipramine_h0.18274_n718","Medications","","PR_imipramine_h0.18274_n718","F32_F31","Depression / Mood Disorder"
"32","immunosupressant|Rheumatoid arthritis",1238,1238,7015,"prescriptions","both_sexes","","","","","","",1003,486,415,"EUR",1,NA,NA,NA,NA,843,NA,NA,NA,NA,NA,419688,NA,NA,NA,NA,NA,0.11171,NA,NA,NA,NA,NA,1.0254,NA,"prescriptions-immunosupressant|Rheumatoid_arthritis-both_sexes.tsv.bgz","prescriptions-immunosupressant|Rheumatoid_arthritis-both_sexes.tsv.bgz.tbi","https://pan-ukb-us-east-1.s3.amazonaws.com/sumstats_flat_files/prescriptions-immunosupressant|Rheumatoid_arthritis-both_sexes.tsv.bgz","https://pan-ukb-us-east-1.s3.amazonaws.com/sumstats_flat_files_tabix/prescriptions-immunosupressant|Rheumatoid_arthritis-both_sexes.tsv.bgz.tbi","wget https://pan-ukb-us-east-1.s3.amazonaws.com/sumstats_flat_files/prescriptions-immunosupressant|Rheumatoid_arthritis-both_sexes.tsv.bgz","wget https://pan-ukb-us-east-1.s3.amazonaws.com/sumstats_flat_files_tabix/prescriptions-immunosupressant|Rheumatoid_arthritis-both_sexes.tsv.bgz.tbi",535390305,1751492,"3f445d8fb2feafa059700090484d6f2f","e83235d50922c193aedbe8e70f2879de","PR_immunosupressant_Rheumatoid_arthritis_h0.11171_n1003","Medications","","PR_immunosupressant_Rheumatoid_arthritis_h0.11171_n1003",NA,NA
"33","lercanidipine",1239,1239,7037,"prescriptions","both_sexes","","","","","","calcium channel blocker,dihydropyridine,anti-hypertensive",2367,1128,1047,"EUR",1,NA,NA,NA,NA,2069,NA,NA,NA,NA,NA,418462,NA,NA,NA,NA,NA,0.08704,NA,NA,NA,NA,NA,1.016,NA,"prescriptions-lercanidipine-both_sexes.tsv.bgz","prescriptions-lercanidipine-both_sexes.tsv.bgz.tbi","https://pan-ukb-us-east-1.s3.amazonaws.com/sumstats_flat_files/prescriptions-lercanidipine-both_sexes.tsv.bgz","https://pan-ukb-us-east-1.s3.amazonaws.com/sumstats_flat_files_tabix/prescriptions-lercanidipine-both_sexes.tsv.bgz.tbi","wget https://pan-ukb-us-east-1.s3.amazonaws.com/sumstats_flat_files/prescriptions-lercanidipine-both_sexes.tsv.bgz","wget https://pan-ukb-us-east-1.s3.amazonaws.com/sumstats_flat_files_tabix/prescriptions-lercanidipine-both_sexes.tsv.bgz.tbi",542782641,1751940,"a6f9214eb9856af6767d47b805f01912","8965b57aa80284a8d5c244ea06dabf1f","PR_lercanidipine_h0.08704_n2367","Medications","","PR_lercanidipine_h0.08704_n2367","I10","HTN"
"34","lofepramine",1240,1240,7048,"prescriptions","both_sexes","","","","","","tricyclic antidepressant,antidepressant",2970,1891,788,"EUR",1,NA,NA,NA,NA,2577,NA,NA,NA,NA,NA,417954,NA,NA,NA,NA,NA,0.079727,NA,NA,NA,NA,NA,1.0491,NA,"prescriptions-lofepramine-both_sexes.tsv.bgz","prescriptions-lofepramine-both_sexes.tsv.bgz.tbi","https://pan-ukb-us-east-1.s3.amazonaws.com/sumstats_flat_files/prescriptions-lofepramine-both_sexes.tsv.bgz","https://pan-ukb-us-east-1.s3.amazonaws.com/sumstats_flat_files_tabix/prescriptions-lofepramine-both_sexes.tsv.bgz.tbi","wget https://pan-ukb-us-east-1.s3.amazonaws.com/sumstats_flat_files/prescriptions-lofepramine-both_sexes.tsv.bgz","wget https://pan-ukb-us-east-1.s3.amazonaws.com/sumstats_flat_files_tabix/prescriptions-lofepramine-both_sexes.tsv.bgz.tbi",544121951,1752021,"8f911f3a1c12f53a33b8c584629a3df7","cfd5e59068808920829e2d410af450ac","PR_lofepramine_h0.07973_n2970","Medications","","PR_lofepramine_h0.07973_n2970","F32_F31","Depression / Mood Disorder"
"35","long-acting anti-muscarinic bronchodilator|anti-muscarinic|bronchodilator|asthma",1241,1241,7049,"prescriptions","both_sexes","","","","","","",3572,1455,1794,"EUR",1,NA,NA,NA,NA,3116,NA,NA,NA,NA,NA,417415,NA,NA,NA,NA,NA,0.28428,NA,NA,NA,NA,NA,1.0321,NA,"prescriptions-long-acting_anti-muscarinic_bronchodilator|anti-muscarinic|bronchodilator|asthma-both_sexes.tsv.bgz","prescriptions-long-acting_anti-muscarinic_bronchodilator|anti-muscarinic|bronchodilator|asthma-both_sexes.tsv.bgz.tbi","https://pan-ukb-us-east-1.s3.amazonaws.com/sumstats_flat_files/prescriptions-long-acting_anti-muscarinic_bronchodilator|anti-muscarinic|bronchodilator|asthma-both_sexes.tsv.bgz","https://pan-ukb-us-east-1.s3.amazonaws.com/sumstats_flat_files_tabix/prescriptions-long-acting_anti-muscarinic_bronchodilator|anti-muscarinic|bronchodilator|asthma-both_sexes.tsv.bgz.tbi","wget https://pan-ukb-us-east-1.s3.amazonaws.com/sumstats_flat_files/prescriptions-long-acting_anti-muscarinic_bronchodilator|anti-muscarinic|bronchodilator|asthma-both_sexes.tsv.bgz","wget https://pan-ukb-us-east-1.s3.amazonaws.com/sumstats_flat_files_tabix/prescriptions-long-acting_anti-muscarinic_bronchodilator|anti-muscarinic|bronchodilator|asthma-both_sexes.tsv.bgz.tbi",544826842,1752276,"196b3b6310504bb8d327edc75e328df8","5dc5f86c5546e39560c5774a85107774","PR_long-acting_anti-muscarinic_bronchodilator_anti-muscarinic_bronchodilator_asthma_h0.28428_n3572","Medications","","PR_long-acting_anti-muscarinic_bronchodilator_anti-muscarinic_bronchodilator_asthma_h0.28428_n3572","J45","Asthma"
"36","lorazepam",1242,1242,7054,"prescriptions","both_sexes","","","","","","benzodiazepine,sedative,anxiety",1465,781,500,"EUR",1,NA,NA,NA,NA,1191,NA,NA,NA,NA,NA,419340,NA,NA,NA,NA,NA,0.08592,NA,NA,NA,NA,NA,1.0328,NA,"prescriptions-lorazepam-both_sexes.tsv.bgz","prescriptions-lorazepam-both_sexes.tsv.bgz.tbi","https://pan-ukb-us-east-1.s3.amazonaws.com/sumstats_flat_files/prescriptions-lorazepam-both_sexes.tsv.bgz","https://pan-ukb-us-east-1.s3.amazonaws.com/sumstats_flat_files_tabix/prescriptions-lorazepam-both_sexes.tsv.bgz.tbi","wget https://pan-ukb-us-east-1.s3.amazonaws.com/sumstats_flat_files/prescriptions-lorazepam-both_sexes.tsv.bgz","wget https://pan-ukb-us-east-1.s3.amazonaws.com/sumstats_flat_files_tabix/prescriptions-lorazepam-both_sexes.tsv.bgz.tbi",538986725,1752237,"3b3f1105de0ed6560a4fe0ab74d34560","024d27640003490a776734428d7aa46f","PR_lorazepam_h0.08592_n1465","Medications","","PR_lorazepam_h0.08592_n1465","F41","Anxiety"
"37","mesalamine",1243,1243,7063,"prescriptions","both_sexes","","","","","","aminosalicylates,anti-inflammatory,IBD",507,225,230,"EUR",1,NA,NA,NA,NA,432,NA,NA,NA,NA,NA,420099,NA,NA,NA,NA,NA,0.18327,NA,NA,NA,NA,NA,0.9873,NA,"prescriptions-mesalamine-both_sexes.tsv.bgz","prescriptions-mesalamine-both_sexes.tsv.bgz.tbi","https://pan-ukb-us-east-1.s3.amazonaws.com/sumstats_flat_files/prescriptions-mesalamine-both_sexes.tsv.bgz","https://pan-ukb-us-east-1.s3.amazonaws.com/sumstats_flat_files_tabix/prescriptions-mesalamine-both_sexes.tsv.bgz.tbi","wget https://pan-ukb-us-east-1.s3.amazonaws.com/sumstats_flat_files/prescriptions-mesalamine-both_sexes.tsv.bgz","wget https://pan-ukb-us-east-1.s3.amazonaws.com/sumstats_flat_files_tabix/prescriptions-mesalamine-both_sexes.tsv.bgz.tbi",528415966,1751679,"bccf58656f49b3c55226869bb5b96727","3abba0dc5de76d93cd646bbd85621f3d","PR_mesalamine_h0.18327_n507","Medications","","PR_mesalamine_h0.18327_n507","K51_M06","UC/IBD"
"38","methimazole pro-drug|thyroperoxidase inhibitor|methimazole|anti-thyroid",1244,1244,7066,"prescriptions","both_sexes","","","","","","",1184,801,244,"EUR",1,NA,NA,NA,NA,966,NA,NA,NA,NA,NA,419565,NA,NA,NA,NA,NA,0.13762,NA,NA,NA,NA,NA,1.024,NA,"prescriptions-methimazole_pro-drug|thyroperoxidase_inhibitor|methimazole|anti-thyroid-both_sexes.tsv.bgz","prescriptions-methimazole_pro-drug|thyroperoxidase_inhibitor|methimazole|anti-thyroid-both_sexes.tsv.bgz.tbi","https://pan-ukb-us-east-1.s3.amazonaws.com/sumstats_flat_files/prescriptions-methimazole_pro-drug|thyroperoxidase_inhibitor|methimazole|anti-thyroid-both_sexes.tsv.bgz","https://pan-ukb-us-east-1.s3.amazonaws.com/sumstats_flat_files_tabix/prescriptions-methimazole_pro-drug|thyroperoxidase_inhibitor|methimazole|anti-thyroid-both_sexes.tsv.bgz.tbi","wget https://pan-ukb-us-east-1.s3.amazonaws.com/sumstats_flat_files/prescriptions-methimazole_pro-drug|thyroperoxidase_inhibitor|methimazole|anti-thyroid-both_sexes.tsv.bgz","wget https://pan-ukb-us-east-1.s3.amazonaws.com/sumstats_flat_files_tabix/prescriptions-methimazole_pro-drug|thyroperoxidase_inhibitor|methimazole|anti-thyroid-both_sexes.tsv.bgz.tbi",537022138,1751726,"ef1a5bafab33cf13a8c7024b3318b2d7","7e38e054c0b4d903e0acf6f7134b950e","PR_methimazole_pro-drug_thyroperoxidase_inhibitor_methimazole_anti-thyroid_h0.13762_n1184","Medications","","PR_methimazole_pro-drug_thyroperoxidase_inhibitor_methimazole_anti-thyroid_h0.13762_n1184","E05","Hyperthyroidism"
"39","nabumetone",1245,1245,7078,"prescriptions","both_sexes","","","","","","NSAID,non-steroidal anti-inflammatory drug",845,516,262,"EUR",1,NA,NA,NA,NA,735,NA,NA,NA,NA,NA,419796,NA,NA,NA,NA,NA,0.17473,NA,NA,NA,NA,NA,1.0104,NA,"prescriptions-nabumetone-both_sexes.tsv.bgz","prescriptions-nabumetone-both_sexes.tsv.bgz.tbi","https://pan-ukb-us-east-1.s3.amazonaws.com/sumstats_flat_files/prescriptions-nabumetone-both_sexes.tsv.bgz","https://pan-ukb-us-east-1.s3.amazonaws.com/sumstats_flat_files_tabix/prescriptions-nabumetone-both_sexes.tsv.bgz.tbi","wget https://pan-ukb-us-east-1.s3.amazonaws.com/sumstats_flat_files/prescriptions-nabumetone-both_sexes.tsv.bgz","wget https://pan-ukb-us-east-1.s3.amazonaws.com/sumstats_flat_files_tabix/prescriptions-nabumetone-both_sexes.tsv.bgz.tbi",534406682,1751633,"5f6a41c96b5d9d7e05f7abd293a96c07","b59588db090f4f1240a1efd0e110784a","PR_nabumetone_h0.17473_n845","Medications","","PR_nabumetone_h0.17473_n845","M19_R52","Arthritis (OA/RA)"
"40","naratriptan",1246,1246,7080,"prescriptions","both_sexes","","","","","","selective serotonin receptor agonist,abortive anti-migraine agent,anti-migraine agent",1263,956,188,"EUR",1,NA,NA,NA,NA,1098,NA,NA,NA,NA,NA,419433,NA,NA,NA,NA,NA,0.1805,NA,NA,NA,NA,NA,1.0274,NA,"prescriptions-naratriptan-both_sexes.tsv.bgz","prescriptions-naratriptan-both_sexes.tsv.bgz.tbi","https://pan-ukb-us-east-1.s3.amazonaws.com/sumstats_flat_files/prescriptions-naratriptan-both_sexes.tsv.bgz","https://pan-ukb-us-east-1.s3.amazonaws.com/sumstats_flat_files_tabix/prescriptions-naratriptan-both_sexes.tsv.bgz.tbi","wget https://pan-ukb-us-east-1.s3.amazonaws.com/sumstats_flat_files/prescriptions-naratriptan-both_sexes.tsv.bgz","wget https://pan-ukb-us-east-1.s3.amazonaws.com/sumstats_flat_files_tabix/prescriptions-naratriptan-both_sexes.tsv.bgz.tbi",537467738,1751722,"67a4c1a3dc530ffb32df98ae4f1f94b8","6d0670130f0dd64d236a179cd8cc4117","PR_naratriptan_h0.18050_n1263","Medications","","PR_naratriptan_h0.18050_n1263","G43","Migraine"
"41","nebivolol",1247,1247,7081,"prescriptions","both_sexes","","","","","","selective beta1 antagonist,beta blocker",553,203,290,"EUR",1,NA,NA,NA,NA,439,NA,NA,NA,NA,NA,420092,NA,NA,NA,NA,NA,0.20228,NA,NA,NA,NA,NA,0.98437,NA,"prescriptions-nebivolol-both_sexes.tsv.bgz","prescriptions-nebivolol-both_sexes.tsv.bgz.tbi","https://pan-ukb-us-east-1.s3.amazonaws.com/sumstats_flat_files/prescriptions-nebivolol-both_sexes.tsv.bgz","https://pan-ukb-us-east-1.s3.amazonaws.com/sumstats_flat_files_tabix/prescriptions-nebivolol-both_sexes.tsv.bgz.tbi","wget https://pan-ukb-us-east-1.s3.amazonaws.com/sumstats_flat_files/prescriptions-nebivolol-both_sexes.tsv.bgz","wget https://pan-ukb-us-east-1.s3.amazonaws.com/sumstats_flat_files_tabix/prescriptions-nebivolol-both_sexes.tsv.bgz.tbi",528611162,1751446,"0a805af9dcbd9dbb90227171fbd449b5","ab64a742926709844317e562db3749c5","PR_nebivolol_h0.20228_n553","Medications","","PR_nebivolol_h0.20228_n553","I10_I50","HTN/HF"
"42","nicotinic acetylcholine receptor agonist|smoking cessation",1248,1248,7084,"prescriptions","both_sexes","","","","","","",2517,1193,1051,"EUR",1,NA,NA,NA,NA,2130,NA,NA,NA,NA,NA,418401,NA,NA,NA,NA,NA,0.34272,NA,NA,NA,NA,NA,1.0051,NA,"prescriptions-nicotinic_acetylcholine_receptor_agonist|smoking_cessation-both_sexes.tsv.bgz","prescriptions-nicotinic_acetylcholine_receptor_agonist|smoking_cessation-both_sexes.tsv.bgz.tbi","https://pan-ukb-us-east-1.s3.amazonaws.com/sumstats_flat_files/prescriptions-nicotinic_acetylcholine_receptor_agonist|smoking_cessation-both_sexes.tsv.bgz","https://pan-ukb-us-east-1.s3.amazonaws.com/sumstats_flat_files_tabix/prescriptions-nicotinic_acetylcholine_receptor_agonist|smoking_cessation-both_sexes.tsv.bgz.tbi","wget https://pan-ukb-us-east-1.s3.amazonaws.com/sumstats_flat_files/prescriptions-nicotinic_acetylcholine_receptor_agonist|smoking_cessation-both_sexes.tsv.bgz","wget https://pan-ukb-us-east-1.s3.amazonaws.com/sumstats_flat_files_tabix/prescriptions-nicotinic_acetylcholine_receptor_agonist|smoking_cessation-both_sexes.tsv.bgz.tbi",543046010,1751549,"de202266166f48475e9ee131e2d5856e","2bfe0694affde3f139b9c1655bfeaa1f","PR_nicotinic_acetylcholine_receptor_agonist_smoking_cessation_h0.34272_n2517","Medications","","PR_nicotinic_acetylcholine_receptor_agonist_smoking_cessation_h0.34272_n2517","F17","Tobacco dependance"
"43","nifedipine",1249,1249,7085,"prescriptions","both_sexes","","","","","","calcium channel blocker,anti-hypertensive,dihydropyridine",602,265,290,"EUR",1,NA,NA,NA,NA,513,NA,NA,NA,NA,NA,420018,NA,NA,NA,NA,NA,0.21866,NA,NA,NA,NA,NA,1.0082,NA,"prescriptions-nifedipine-both_sexes.tsv.bgz","prescriptions-nifedipine-both_sexes.tsv.bgz.tbi","https://pan-ukb-us-east-1.s3.amazonaws.com/sumstats_flat_files/prescriptions-nifedipine-both_sexes.tsv.bgz","https://pan-ukb-us-east-1.s3.amazonaws.com/sumstats_flat_files_tabix/prescriptions-nifedipine-both_sexes.tsv.bgz.tbi","wget https://pan-ukb-us-east-1.s3.amazonaws.com/sumstats_flat_files/prescriptions-nifedipine-both_sexes.tsv.bgz","wget https://pan-ukb-us-east-1.s3.amazonaws.com/sumstats_flat_files_tabix/prescriptions-nifedipine-both_sexes.tsv.bgz.tbi",530741025,1751244,"8ded86f09532696b2c0f6feb06e78b53","1bbb873f33240e15d24af8d1b6aa3a58","PR_nifedipine_h0.21866_n602","Medications","","PR_nifedipine_h0.21866_n602","I10_I73","HTN/Raynauds"
"44","nitrazepam",1250,1250,7087,"prescriptions","both_sexes","","","","","","benzodiazepine,sedative,anxiety",993,571,309,"EUR",1,NA,NA,NA,NA,838,NA,NA,NA,NA,NA,419693,NA,NA,NA,NA,NA,0.11273,NA,NA,NA,NA,NA,0.99698,NA,"prescriptions-nitrazepam-both_sexes.tsv.bgz","prescriptions-nitrazepam-both_sexes.tsv.bgz.tbi","https://pan-ukb-us-east-1.s3.amazonaws.com/sumstats_flat_files/prescriptions-nitrazepam-both_sexes.tsv.bgz","https://pan-ukb-us-east-1.s3.amazonaws.com/sumstats_flat_files_tabix/prescriptions-nitrazepam-both_sexes.tsv.bgz.tbi","wget https://pan-ukb-us-east-1.s3.amazonaws.com/sumstats_flat_files/prescriptions-nitrazepam-both_sexes.tsv.bgz","wget https://pan-ukb-us-east-1.s3.amazonaws.com/sumstats_flat_files_tabix/prescriptions-nitrazepam-both_sexes.tsv.bgz.tbi",535648006,1751569,"485dcb2415f938758c41d90001a8f278","22e6ee6b6aa610198a8429ed8ddcda7d","PR_nitrazepam_h0.11273_n993","Medications","","PR_nitrazepam_h0.11273_n993","F51","Insomnia"
"45","nortriptyline",1251,1251,7096,"prescriptions","both_sexes","","","","","","tricyclic antidepressant,antidepressant",1611,1061,381,"EUR",1,NA,NA,NA,NA,1359,NA,NA,NA,NA,NA,419172,NA,NA,NA,NA,NA,0.17937,NA,NA,NA,NA,NA,1.0203,NA,"prescriptions-nortriptyline-both_sexes.tsv.bgz","prescriptions-nortriptyline-both_sexes.tsv.bgz.tbi","https://pan-ukb-us-east-1.s3.amazonaws.com/sumstats_flat_files/prescriptions-nortriptyline-both_sexes.tsv.bgz","https://pan-ukb-us-east-1.s3.amazonaws.com/sumstats_flat_files_tabix/prescriptions-nortriptyline-both_sexes.tsv.bgz.tbi","wget https://pan-ukb-us-east-1.s3.amazonaws.com/sumstats_flat_files/prescriptions-nortriptyline-both_sexes.tsv.bgz","wget https://pan-ukb-us-east-1.s3.amazonaws.com/sumstats_flat_files_tabix/prescriptions-nortriptyline-both_sexes.tsv.bgz.tbi",540022730,1751940,"f804623a19066e738238d4a38b349b3a","04ea3df0baeca70c22acc8e9fea81154","PR_nortriptyline_h0.17937_n1611","Medications","","PR_nortriptyline_h0.17937_n1611","F32_F31","Depression / Mood Disorder"
"46","olanzapine",1252,1252,7098,"prescriptions","both_sexes","","","","","","second-generation anti-psychotic,antipsychotic",627,264,271,"EUR",1,NA,NA,NA,NA,491,NA,NA,NA,NA,NA,420040,NA,NA,NA,NA,NA,0.066186,NA,NA,NA,NA,NA,0.98423,NA,"prescriptions-olanzapine-both_sexes.tsv.bgz","prescriptions-olanzapine-both_sexes.tsv.bgz.tbi","https://pan-ukb-us-east-1.s3.amazonaws.com/sumstats_flat_files/prescriptions-olanzapine-both_sexes.tsv.bgz","https://pan-ukb-us-east-1.s3.amazonaws.com/sumstats_flat_files_tabix/prescriptions-olanzapine-both_sexes.tsv.bgz.tbi","wget https://pan-ukb-us-east-1.s3.amazonaws.com/sumstats_flat_files/prescriptions-olanzapine-both_sexes.tsv.bgz","wget https://pan-ukb-us-east-1.s3.amazonaws.com/sumstats_flat_files_tabix/prescriptions-olanzapine-both_sexes.tsv.bgz.tbi",529407307,1751607,"6d6b5626daf0444cfd14c4cc7c3d0929","e7f2eb3f6fcab3cff4a31b47a7bef6b9","PR_olanzapine_h0.06619_n627","Medications","","PR_olanzapine_h0.06619_n627","F20","Schizophrenia"
"47","olmesartan",1253,1253,7099,"prescriptions","both_sexes","","","","","","angiotensin receptor blocker,ARB,anti-hypertensive",557,239,268,"EUR",1,NA,NA,NA,NA,465,NA,NA,NA,NA,NA,420066,NA,NA,NA,NA,NA,0.17689,NA,NA,NA,NA,NA,1.0001,NA,"prescriptions-olmesartan-both_sexes.tsv.bgz","prescriptions-olmesartan-both_sexes.tsv.bgz.tbi","https://pan-ukb-us-east-1.s3.amazonaws.com/sumstats_flat_files/prescriptions-olmesartan-both_sexes.tsv.bgz","https://pan-ukb-us-east-1.s3.amazonaws.com/sumstats_flat_files_tabix/prescriptions-olmesartan-both_sexes.tsv.bgz.tbi","wget https://pan-ukb-us-east-1.s3.amazonaws.com/sumstats_flat_files/prescriptions-olmesartan-both_sexes.tsv.bgz","wget https://pan-ukb-us-east-1.s3.amazonaws.com/sumstats_flat_files_tabix/prescriptions-olmesartan-both_sexes.tsv.bgz.tbi",529354812,1751432,"b13d66da12d029e1e3775ad979cea892","af92c5b96add6a353b20f3628fe9e7be","PR_olmesartan_h0.17689_n557","Medications","","PR_olmesartan_h0.17689_n557","I10_I50","HTN/HF"
"48","omega-3 acid ethyl esters",1254,1254,7100,"prescriptions","both_sexes","","","","","","omega-3 fatty acid supplement,Food Supplement",380,105,236,"EUR",1,NA,NA,NA,NA,301,NA,NA,NA,NA,NA,420230,NA,NA,NA,NA,NA,0.065591,NA,NA,NA,NA,NA,0.99247,NA,"prescriptions-omega-3_acid_ethyl_esters-both_sexes.tsv.bgz","prescriptions-omega-3_acid_ethyl_esters-both_sexes.tsv.bgz.tbi","https://pan-ukb-us-east-1.s3.amazonaws.com/sumstats_flat_files/prescriptions-omega-3_acid_ethyl_esters-both_sexes.tsv.bgz","https://pan-ukb-us-east-1.s3.amazonaws.com/sumstats_flat_files_tabix/prescriptions-omega-3_acid_ethyl_esters-both_sexes.tsv.bgz.tbi","wget https://pan-ukb-us-east-1.s3.amazonaws.com/sumstats_flat_files/prescriptions-omega-3_acid_ethyl_esters-both_sexes.tsv.bgz","wget https://pan-ukb-us-east-1.s3.amazonaws.com/sumstats_flat_files_tabix/prescriptions-omega-3_acid_ethyl_esters-both_sexes.tsv.bgz.tbi",523513558,1751089,"dfb97f06b4f65932f8a625c8adbcb52d","871c5fd85bdbdcf6992985a9b711ec0f","PR_omega-3_acid_ethyl_esters_h0.06559_n380","Medications","","PR_omega-3_acid_ethyl_esters_h0.06559_n380","Y57",NA
"49","omega-3 fatty acid supplement|Food Supplement",1255,1255,7101,"prescriptions","both_sexes","","","","","","",380,105,236,"EUR",1,NA,NA,NA,NA,301,NA,NA,NA,NA,NA,420230,NA,NA,NA,NA,NA,0.06567,NA,NA,NA,NA,NA,0.99866,NA,"prescriptions-omega-3_fatty_acid_supplement|Food_Supplement-both_sexes.tsv.bgz","prescriptions-omega-3_fatty_acid_supplement|Food_Supplement-both_sexes.tsv.bgz.tbi","https://pan-ukb-us-east-1.s3.amazonaws.com/sumstats_flat_files/prescriptions-omega-3_fatty_acid_supplement|Food_Supplement-both_sexes.tsv.bgz","https://pan-ukb-us-east-1.s3.amazonaws.com/sumstats_flat_files_tabix/prescriptions-omega-3_fatty_acid_supplement|Food_Supplement-both_sexes.tsv.bgz.tbi","wget https://pan-ukb-us-east-1.s3.amazonaws.com/sumstats_flat_files/prescriptions-omega-3_fatty_acid_supplement|Food_Supplement-both_sexes.tsv.bgz","wget https://pan-ukb-us-east-1.s3.amazonaws.com/sumstats_flat_files_tabix/prescriptions-omega-3_fatty_acid_supplement|Food_Supplement-both_sexes.tsv.bgz.tbi",523511997,1751098,"cb2204137734835186b375c04d7448ba","7d9690f4e7f4e122ff9a641589fe9c38","PR_omega-3_fatty_acid_supplement_Food_Supplement_h0.06567_n380","Medications","","PR_omega-3_fatty_acid_supplement_Food_Supplement_h0.06567_n380","Y57",NA
"50","prostaglandin analog/beta antagonist combination|prostaglandin analog|beta blocker",1256,1256,7137,"prescriptions","both_sexes","","","","","","",490,190,261,"EUR",1,NA,NA,NA,NA,421,NA,NA,NA,NA,NA,420110,NA,NA,NA,NA,NA,0.19299,NA,NA,NA,NA,NA,0.99804,NA,"prescriptions-prostaglandin_analog_beta_antagonist_combination|prostaglandin_analog|beta_blocker-both_sexes.tsv.bgz","prescriptions-prostaglandin_analog_beta_antagonist_combination|prostaglandin_analog|beta_blocker-both_sexes.tsv.bgz.tbi","https://pan-ukb-us-east-1.s3.amazonaws.com/sumstats_flat_files/prescriptions-prostaglandin_analog_beta_antagonist_combination|prostaglandin_analog|beta_blocker-both_sexes.tsv.bgz","https://pan-ukb-us-east-1.s3.amazonaws.com/sumstats_flat_files_tabix/prescriptions-prostaglandin_analog_beta_antagonist_combination|prostaglandin_analog|beta_blocker-both_sexes.tsv.bgz.tbi","wget https://pan-ukb-us-east-1.s3.amazonaws.com/sumstats_flat_files/prescriptions-prostaglandin_analog_beta_antagonist_combination|prostaglandin_analog|beta_blocker-both_sexes.tsv.bgz","wget https://pan-ukb-us-east-1.s3.amazonaws.com/sumstats_flat_files_tabix/prescriptions-prostaglandin_analog_beta_antagonist_combination|prostaglandin_analog|beta_blocker-both_sexes.tsv.bgz.tbi",527967682,1751596,"40ca0fbc7d4d76bfdaf25ada268dd512","c7a94e345221ac6a5c4ed63bc36900bc","PR_prostaglandin_analog_beta_antagonist_combination_prostaglandin_analog_beta_blocker_h0.19299_n490","Medications","","PR_prostaglandin_analog_beta_antagonist_combination_prostaglandin_analog_beta_blocker_h0.19299_n490","I10_I50","HTN/HF"
"51","risedronate",1257,1257,7144,"prescriptions","both_sexes","","","","","","bisphosphanate,osteoporosis",1864,1462,232,"EUR",1,NA,NA,NA,NA,1610,NA,NA,NA,NA,NA,418921,NA,NA,NA,NA,NA,0.080172,NA,NA,NA,NA,NA,1.0496,NA,"prescriptions-risedronate-both_sexes.tsv.bgz","prescriptions-risedronate-both_sexes.tsv.bgz.tbi","https://pan-ukb-us-east-1.s3.amazonaws.com/sumstats_flat_files/prescriptions-risedronate-both_sexes.tsv.bgz","https://pan-ukb-us-east-1.s3.amazonaws.com/sumstats_flat_files_tabix/prescriptions-risedronate-both_sexes.tsv.bgz.tbi","wget https://pan-ukb-us-east-1.s3.amazonaws.com/sumstats_flat_files/prescriptions-risedronate-both_sexes.tsv.bgz","wget https://pan-ukb-us-east-1.s3.amazonaws.com/sumstats_flat_files_tabix/prescriptions-risedronate-both_sexes.tsv.bgz.tbi",541304115,1752181,"2b4d628a8cf77504d2ef7d22f38e7474","6721309f39b3ead08391e18c3b7a1789","PR_risedronate_h0.08017_n1864","Medications","","PR_risedronate_h0.08017_n1864","M81","Osteoporosis"
"52","rivaroxaban",1258,1258,7145,"prescriptions","both_sexes","","","","","","anti-coagulant,factor X inhibitor",1420,486,801,"EUR",1,NA,NA,NA,NA,1243,NA,NA,NA,NA,NA,419288,NA,NA,NA,NA,NA,0.093245,NA,NA,NA,NA,NA,1.0332,NA,"prescriptions-rivaroxaban-both_sexes.tsv.bgz","prescriptions-rivaroxaban-both_sexes.tsv.bgz.tbi","https://pan-ukb-us-east-1.s3.amazonaws.com/sumstats_flat_files/prescriptions-rivaroxaban-both_sexes.tsv.bgz","https://pan-ukb-us-east-1.s3.amazonaws.com/sumstats_flat_files_tabix/prescriptions-rivaroxaban-both_sexes.tsv.bgz.tbi","wget https://pan-ukb-us-east-1.s3.amazonaws.com/sumstats_flat_files/prescriptions-rivaroxaban-both_sexes.tsv.bgz","wget https://pan-ukb-us-east-1.s3.amazonaws.com/sumstats_flat_files_tabix/prescriptions-rivaroxaban-both_sexes.tsv.bgz.tbi",539228109,1751495,"56890127cb88e780926908f7cebe7cbb","244eec01e262d0759db5a199594c1dd7","PR_rivaroxaban_h0.09325_n1420","Medications","","PR_rivaroxaban_h0.09325_n1420","I48","AF"
"53","second-generation anti-psychotic|antipsychotic",1259,1259,7153,"prescriptions","both_sexes","","","","","","",627,264,271,"EUR",1,NA,NA,NA,NA,491,NA,NA,NA,NA,NA,420040,NA,NA,NA,NA,NA,0.066161,NA,NA,NA,NA,NA,1.012,NA,"prescriptions-second-generation_anti-psychotic|antipsychotic-both_sexes.tsv.bgz","prescriptions-second-generation_anti-psychotic|antipsychotic-both_sexes.tsv.bgz.tbi","https://pan-ukb-us-east-1.s3.amazonaws.com/sumstats_flat_files/prescriptions-second-generation_anti-psychotic|antipsychotic-both_sexes.tsv.bgz","https://pan-ukb-us-east-1.s3.amazonaws.com/sumstats_flat_files_tabix/prescriptions-second-generation_anti-psychotic|antipsychotic-both_sexes.tsv.bgz.tbi","wget https://pan-ukb-us-east-1.s3.amazonaws.com/sumstats_flat_files/prescriptions-second-generation_anti-psychotic|antipsychotic-both_sexes.tsv.bgz","wget https://pan-ukb-us-east-1.s3.amazonaws.com/sumstats_flat_files_tabix/prescriptions-second-generation_anti-psychotic|antipsychotic-both_sexes.tsv.bgz.tbi",529407162,1751576,"45f77f444e3653aad4c41536e725fee6","d58e3dd97e5c99ce7b97a8d52ce7eaba","PR_second-generation_anti-psychotic_antipsychotic_h0.06616_n627","Medications","","PR_second-generation_anti-psychotic_antipsychotic_h0.06616_n627","F20","Schizophrenia"
"54","selective estrogen receptor modulator|SERM",1260,1260,7160,"prescriptions","both_sexes","","","","","","",3239,2792,63,"EUR",1,NA,NA,NA,NA,2743,NA,NA,NA,NA,NA,417788,NA,NA,NA,NA,NA,0.067237,NA,NA,NA,NA,NA,1.0637,NA,"prescriptions-selective_estrogen_receptor_modulator|SERM-both_sexes.tsv.bgz","prescriptions-selective_estrogen_receptor_modulator|SERM-both_sexes.tsv.bgz.tbi","https://pan-ukb-us-east-1.s3.amazonaws.com/sumstats_flat_files/prescriptions-selective_estrogen_receptor_modulator|SERM-both_sexes.tsv.bgz","https://pan-ukb-us-east-1.s3.amazonaws.com/sumstats_flat_files_tabix/prescriptions-selective_estrogen_receptor_modulator|SERM-both_sexes.tsv.bgz.tbi","wget https://pan-ukb-us-east-1.s3.amazonaws.com/sumstats_flat_files/prescriptions-selective_estrogen_receptor_modulator|SERM-both_sexes.tsv.bgz","wget https://pan-ukb-us-east-1.s3.amazonaws.com/sumstats_flat_files_tabix/prescriptions-selective_estrogen_receptor_modulator|SERM-both_sexes.tsv.bgz.tbi",544110820,1751972,"b0611f0baae4700550e78f0c9bb12e0a","2125bc2dd5fc5d7d10cdde17ea4e184c","PR_selective_estrogen_receptor_modulator_SERM_h0.06724_n3239","Medications","","PR_selective_estrogen_receptor_modulator_SERM_h0.06724_n3239","C50","breast cancer"
"55","selective serotonin receptor agonist|abortive anti-migraine agent|anti-migraine agent",1261,1261,7164,"prescriptions","both_sexes","","","","","","",1263,956,188,"EUR",1,NA,NA,NA,NA,1098,NA,NA,NA,NA,NA,419433,NA,NA,NA,NA,NA,0.18046,NA,NA,NA,NA,NA,1.0498,NA,"prescriptions-selective_serotonin_receptor_agonist|abortive_anti-migraine_agent|anti-migraine_agent-both_sexes.tsv.bgz","prescriptions-selective_serotonin_receptor_agonist|abortive_anti-migraine_agent|anti-migraine_agent-both_sexes.tsv.bgz.tbi","https://pan-ukb-us-east-1.s3.amazonaws.com/sumstats_flat_files/prescriptions-selective_serotonin_receptor_agonist|abortive_anti-migraine_agent|anti-migraine_agent-both_sexes.tsv.bgz","https://pan-ukb-us-east-1.s3.amazonaws.com/sumstats_flat_files_tabix/prescriptions-selective_serotonin_receptor_agonist|abortive_anti-migraine_agent|anti-migraine_agent-both_sexes.tsv.bgz.tbi","wget https://pan-ukb-us-east-1.s3.amazonaws.com/sumstats_flat_files/prescriptions-selective_serotonin_receptor_agonist|abortive_anti-migraine_agent|anti-migraine_agent-both_sexes.tsv.bgz","wget https://pan-ukb-us-east-1.s3.amazonaws.com/sumstats_flat_files_tabix/prescriptions-selective_serotonin_receptor_agonist|abortive_anti-migraine_agent|anti-migraine_agent-both_sexes.tsv.bgz.tbi",537468751,1751748,"762c93817bbb46a5798f43dfd5784542","4158065c1e060de8a2c18f2108aaa02f","PR_selective_serotonin_receptor_agonist_abortive_anti-migraine_agent_anti-migraine_agent_h0.18046_n1263","Medications","","PR_selective_serotonin_receptor_agonist_abortive_anti-migraine_agent_anti-migraine_agent_h0.18046_n1263","G43_F32_F31","Migraine/Depression/Mood disorder"
"56","serotonin receptor antagonist|alpha-adrenergic receptor antagonist|selective histamine H1 inverse agonist",1262,1262,7166,"prescriptions","both_sexes","","","","","","",2481,1428,818,"EUR",1,NA,NA,NA,NA,2157,NA,NA,NA,NA,NA,418374,NA,NA,NA,NA,NA,0.1236,NA,NA,NA,NA,NA,1.0515,NA,"prescriptions-serotonin_receptor_antagonist|alpha-adrenergic_receptor_antagonist|selective_histamine_H1_inverse_agonist-both_sexes.tsv.bgz","prescriptions-serotonin_receptor_antagonist|alpha-adrenergic_receptor_antagonist|selective_histamine_H1_inverse_agonist-both_sexes.tsv.bgz.tbi","https://pan-ukb-us-east-1.s3.amazonaws.com/sumstats_flat_files/prescriptions-serotonin_receptor_antagonist|alpha-adrenergic_receptor_antagonist|selective_histamine_H1_inverse_agonist-both_sexes.tsv.bgz","https://pan-ukb-us-east-1.s3.amazonaws.com/sumstats_flat_files_tabix/prescriptions-serotonin_receptor_antagonist|alpha-adrenergic_receptor_antagonist|selective_histamine_H1_inverse_agonist-both_sexes.tsv.bgz.tbi","wget https://pan-ukb-us-east-1.s3.amazonaws.com/sumstats_flat_files/prescriptions-serotonin_receptor_antagonist|alpha-adrenergic_receptor_antagonist|selective_histamine_H1_inverse_agonist-both_sexes.tsv.bgz","wget https://pan-ukb-us-east-1.s3.amazonaws.com/sumstats_flat_files_tabix/prescriptions-serotonin_receptor_antagonist|alpha-adrenergic_receptor_antagonist|selective_histamine_H1_inverse_agonist-both_sexes.tsv.bgz.tbi",541695040,1751876,"48a1c2fa215d236b04ada2439beaeb68","d4a64119769f414b882c12efd2505fc4","PR_serotonin_receptor_antagonist_alpha-adrenergic_receptor_antagonist_selective_histamine_H1_inverse_agonist_h0.12360_n2481","Medications","","PR_serotonin_receptor_antagonist_alpha-adrenergic_receptor_antagonist_selective_histamine_H1_inverse_agonist_h0.12360_n2481","F32_F31","Depression / Mood Disorder"
"57","sodium/potassium transporter inhibitor|heart failure",1263,1263,7175,"prescriptions","both_sexes","","","","","","",1816,568,1098,"EUR",1,NA,NA,NA,NA,1600,NA,NA,NA,NA,NA,418931,NA,NA,NA,NA,NA,0.22055,NA,NA,NA,NA,NA,1.0212,NA,"prescriptions-sodium_potassium_transporter_inhibitor|heart_failure-both_sexes.tsv.bgz","prescriptions-sodium_potassium_transporter_inhibitor|heart_failure-both_sexes.tsv.bgz.tbi","https://pan-ukb-us-east-1.s3.amazonaws.com/sumstats_flat_files/prescriptions-sodium_potassium_transporter_inhibitor|heart_failure-both_sexes.tsv.bgz","https://pan-ukb-us-east-1.s3.amazonaws.com/sumstats_flat_files_tabix/prescriptions-sodium_potassium_transporter_inhibitor|heart_failure-both_sexes.tsv.bgz.tbi","wget https://pan-ukb-us-east-1.s3.amazonaws.com/sumstats_flat_files/prescriptions-sodium_potassium_transporter_inhibitor|heart_failure-both_sexes.tsv.bgz","wget https://pan-ukb-us-east-1.s3.amazonaws.com/sumstats_flat_files_tabix/prescriptions-sodium_potassium_transporter_inhibitor|heart_failure-both_sexes.tsv.bgz.tbi",540992370,1752036,"89a024fb8f057ba968815fae31598a71","aac5f28ca3a1875112b1f44d43750854","PR_sodium_potassium_transporter_inhibitor_heart_failure_h0.22055_n1816","Medications","","PR_sodium_potassium_transporter_inhibitor_heart_failure_h0.22055_n1816","I50","HF"
"58","sotalol",1264,1264,7177,"prescriptions","both_sexes","","","","","","anti-arrhythmic,non-selective beta-blocker,beta blocker",1084,452,535,"EUR",1,NA,NA,NA,NA,947,NA,NA,NA,NA,NA,419584,NA,NA,NA,NA,NA,0.23743,NA,NA,NA,NA,NA,1.0063,NA,"prescriptions-sotalol-both_sexes.tsv.bgz","prescriptions-sotalol-both_sexes.tsv.bgz.tbi","https://pan-ukb-us-east-1.s3.amazonaws.com/sumstats_flat_files/prescriptions-sotalol-both_sexes.tsv.bgz","https://pan-ukb-us-east-1.s3.amazonaws.com/sumstats_flat_files_tabix/prescriptions-sotalol-both_sexes.tsv.bgz.tbi","wget https://pan-ukb-us-east-1.s3.amazonaws.com/sumstats_flat_files/prescriptions-sotalol-both_sexes.tsv.bgz","wget https://pan-ukb-us-east-1.s3.amazonaws.com/sumstats_flat_files_tabix/prescriptions-sotalol-both_sexes.tsv.bgz.tbi",536883566,1751434,"d0630e04aa55216d6d376aea95613765","7d9564b7f5bacd3242e5c74b98ba6c1a","PR_sotalol_h0.23743_n1084","Medications","","PR_sotalol_h0.23743_n1084","I48_I49","AF/Arrythmia"
"59","spironolactone",1265,1265,7178,"prescriptions","both_sexes","","","","","","aldosterone antagonist,potassium-sparing diuretic,anti-hypertensive",1685,585,918,"EUR",1,NA,NA,NA,NA,1414,NA,NA,NA,NA,NA,419117,NA,NA,NA,NA,NA,0.095267,NA,NA,NA,NA,NA,1.0075,NA,"prescriptions-spironolactone-both_sexes.tsv.bgz","prescriptions-spironolactone-both_sexes.tsv.bgz.tbi","https://pan-ukb-us-east-1.s3.amazonaws.com/sumstats_flat_files/prescriptions-spironolactone-both_sexes.tsv.bgz","https://pan-ukb-us-east-1.s3.amazonaws.com/sumstats_flat_files_tabix/prescriptions-spironolactone-both_sexes.tsv.bgz.tbi","wget https://pan-ukb-us-east-1.s3.amazonaws.com/sumstats_flat_files/prescriptions-spironolactone-both_sexes.tsv.bgz","wget https://pan-ukb-us-east-1.s3.amazonaws.com/sumstats_flat_files_tabix/prescriptions-spironolactone-both_sexes.tsv.bgz.tbi",540350896,1752063,"e9df8c9614c0c33779e11be6aee36294","85f518eeb2ae725c44ce773689444e23","PR_spironolactone_h0.09527_n1685","Medications","","PR_spironolactone_h0.09527_n1685","I50_K74_I10","HF/Cirrhosis/HTN"
"60","tamoxifen",1266,1266,7184,"prescriptions","both_sexes","","","","","","selective estrogen receptor modulator,SERM",2749,2352,62,"EUR",1,NA,NA,NA,NA,2328,NA,NA,NA,NA,NA,418203,NA,NA,NA,NA,NA,0.094687,NA,NA,NA,NA,NA,1.0352,NA,"prescriptions-tamoxifen-both_sexes.tsv.bgz","prescriptions-tamoxifen-both_sexes.tsv.bgz.tbi","https://pan-ukb-us-east-1.s3.amazonaws.com/sumstats_flat_files/prescriptions-tamoxifen-both_sexes.tsv.bgz","https://pan-ukb-us-east-1.s3.amazonaws.com/sumstats_flat_files_tabix/prescriptions-tamoxifen-both_sexes.tsv.bgz.tbi","wget https://pan-ukb-us-east-1.s3.amazonaws.com/sumstats_flat_files/prescriptions-tamoxifen-both_sexes.tsv.bgz","wget https://pan-ukb-us-east-1.s3.amazonaws.com/sumstats_flat_files_tabix/prescriptions-tamoxifen-both_sexes.tsv.bgz.tbi",543549160,1751976,"2c0c43873f950e4a7d0d810d9503309b","0dfc90191257635788ef5b04bd3455d3","PR_tamoxifen_h0.09469_n2749","Medications","","PR_tamoxifen_h0.09469_n2749","C50","breast cancer"
"61","tiotropium",1267,1267,7196,"prescriptions","both_sexes","","","","","","long-acting anti-muscarinic bronchodilator,anti-muscarinic,bronchodilator,asthma",3572,1455,1794,"EUR",1,NA,NA,NA,NA,3116,NA,NA,NA,NA,NA,417415,NA,NA,NA,NA,NA,0.28428,NA,NA,NA,NA,NA,1.061,NA,"prescriptions-tiotropium-both_sexes.tsv.bgz","prescriptions-tiotropium-both_sexes.tsv.bgz.tbi","https://pan-ukb-us-east-1.s3.amazonaws.com/sumstats_flat_files/prescriptions-tiotropium-both_sexes.tsv.bgz","https://pan-ukb-us-east-1.s3.amazonaws.com/sumstats_flat_files_tabix/prescriptions-tiotropium-both_sexes.tsv.bgz.tbi","wget https://pan-ukb-us-east-1.s3.amazonaws.com/sumstats_flat_files/prescriptions-tiotropium-both_sexes.tsv.bgz","wget https://pan-ukb-us-east-1.s3.amazonaws.com/sumstats_flat_files_tabix/prescriptions-tiotropium-both_sexes.tsv.bgz.tbi",544681332,1752383,"44c0ac65300cda4b40e9b778f4e87bb7","f8317b17b7d6dea5a2d5f26a3cc3cf63","PR_tiotropium_h0.28428_n3572","Medications","","PR_tiotropium_h0.28428_n3572","J45","Asthma"
"62","travoprost",1268,1268,7200,"prescriptions","both_sexes","","","","","","prostaglandin analog",678,296,317,"EUR",1,NA,NA,NA,NA,569,NA,NA,NA,NA,NA,419962,NA,NA,NA,NA,NA,0.090787,NA,NA,NA,NA,NA,1.0256,NA,"prescriptions-travoprost-both_sexes.tsv.bgz","prescriptions-travoprost-both_sexes.tsv.bgz.tbi","https://pan-ukb-us-east-1.s3.amazonaws.com/sumstats_flat_files/prescriptions-travoprost-both_sexes.tsv.bgz","https://pan-ukb-us-east-1.s3.amazonaws.com/sumstats_flat_files_tabix/prescriptions-travoprost-both_sexes.tsv.bgz.tbi","wget https://pan-ukb-us-east-1.s3.amazonaws.com/sumstats_flat_files/prescriptions-travoprost-both_sexes.tsv.bgz","wget https://pan-ukb-us-east-1.s3.amazonaws.com/sumstats_flat_files_tabix/prescriptions-travoprost-both_sexes.tsv.bgz.tbi",531828197,1751736,"0d8de350ac8ae71eb42f9089680aea12","8e4f13b47e60eeaff054755a56f01ee8","PR_travoprost_h0.09079_n678","Medications","","PR_travoprost_h0.09079_n678","H40","Glaucoma"
"63","trazodone",1269,1269,7201,"prescriptions","both_sexes","","","","","","serotonin receptor antagonist,alpha-adrenergic receptor antagonist,selective histamine H1 inverse agonist",2481,1428,818,"EUR",1,NA,NA,NA,NA,2157,NA,NA,NA,NA,NA,418374,NA,NA,NA,NA,NA,0.12361,NA,NA,NA,NA,NA,1.0517,NA,"prescriptions-trazodone-both_sexes.tsv.bgz","prescriptions-trazodone-both_sexes.tsv.bgz.tbi","https://pan-ukb-us-east-1.s3.amazonaws.com/sumstats_flat_files/prescriptions-trazodone-both_sexes.tsv.bgz","https://pan-ukb-us-east-1.s3.amazonaws.com/sumstats_flat_files_tabix/prescriptions-trazodone-both_sexes.tsv.bgz.tbi","wget https://pan-ukb-us-east-1.s3.amazonaws.com/sumstats_flat_files/prescriptions-trazodone-both_sexes.tsv.bgz","wget https://pan-ukb-us-east-1.s3.amazonaws.com/sumstats_flat_files_tabix/prescriptions-trazodone-both_sexes.tsv.bgz.tbi",541695363,1751800,"fa4b7a993ffbefee001609cfc7f755b4","3745b285b5108c666bb152d07668b552","PR_trazodone_h0.12361_n2481","Medications","","PR_trazodone_h0.12361_n2481","F32_F31","Depression / Mood Disorder"
"64","varenicline",1270,1270,7210,"prescriptions","both_sexes","","","","","","nicotinic acetylcholine receptor agonist,smoking cessation",2517,1193,1051,"EUR",1,NA,NA,NA,NA,2130,NA,NA,NA,NA,NA,418401,NA,NA,NA,NA,NA,0.34272,NA,NA,NA,NA,NA,1.0101,NA,"prescriptions-varenicline-both_sexes.tsv.bgz","prescriptions-varenicline-both_sexes.tsv.bgz.tbi","https://pan-ukb-us-east-1.s3.amazonaws.com/sumstats_flat_files/prescriptions-varenicline-both_sexes.tsv.bgz","https://pan-ukb-us-east-1.s3.amazonaws.com/sumstats_flat_files_tabix/prescriptions-varenicline-both_sexes.tsv.bgz.tbi","wget https://pan-ukb-us-east-1.s3.amazonaws.com/sumstats_flat_files/prescriptions-varenicline-both_sexes.tsv.bgz","wget https://pan-ukb-us-east-1.s3.amazonaws.com/sumstats_flat_files_tabix/prescriptions-varenicline-both_sexes.tsv.bgz.tbi",543046299,1751665,"13511f1cb111370079cc7cbfab37378a","de93d64dafc11736c70bbb9a76ef0321","PR_varenicline_h0.34272_n2517","Medications","","PR_varenicline_h0.34272_n2517","F17","Tobacco dependance"
"65","vitamin D derivative",1271,1271,7213,"prescriptions","both_sexes","","","","","","",1615,687,786,"EUR",1,NA,NA,NA,NA,1396,NA,NA,NA,NA,NA,419135,NA,NA,NA,NA,NA,0.10342,NA,NA,NA,NA,NA,1.0339,NA,"prescriptions-vitamin_D_derivative-both_sexes.tsv.bgz","prescriptions-vitamin_D_derivative-both_sexes.tsv.bgz.tbi","https://pan-ukb-us-east-1.s3.amazonaws.com/sumstats_flat_files/prescriptions-vitamin_D_derivative-both_sexes.tsv.bgz","https://pan-ukb-us-east-1.s3.amazonaws.com/sumstats_flat_files_tabix/prescriptions-vitamin_D_derivative-both_sexes.tsv.bgz.tbi","wget https://pan-ukb-us-east-1.s3.amazonaws.com/sumstats_flat_files/prescriptions-vitamin_D_derivative-both_sexes.tsv.bgz","wget https://pan-ukb-us-east-1.s3.amazonaws.com/sumstats_flat_files_tabix/prescriptions-vitamin_D_derivative-both_sexes.tsv.bgz.tbi",540120852,1751693,"d6ffbcc389fe1501f9a68c06051b13f1","7142ad8c28540c7040897bbd7ef2d6d1","PR_vitamin_D_derivative_h0.10342_n1615","Medications","","PR_vitamin_D_derivative_h0.10342_n1615","E53","Vit D Def"
