trait_type,phenocode,pheno_sex,coding,modifier,description,description_more,coding_description,category,aws_link_tabix,n_cases_full_cohort_both_sexes,n_cases_full_cohort_females,n_cases_full_cohort_males,pops,num_pops,n_cases_AFR,n_cases_AMR,n_cases_CSA,n_cases_EAS,n_cases_EUR,n_cases_MID,n_controls_AFR,n_controls_AMR,n_controls_CSA,n_controls_EAS,n_controls_EUR,n_controls_MID,saige_heritability_AFR,saige_heritability_AMR,saige_heritability_CSA,saige_heritability_EAS,saige_heritability_EUR,saige_heritability_MID,lambda_gc_AFR,lambda_gc_AMR,lambda_gc_CSA,lambda_gc_EAS,lambda_gc_EUR.x,lambda_gc_MID,filename,filename_tabix,aws_link,wget,wget_tabix,size_in_bytes,size_in_bytes_tabix,md5_hex,md5_hex_tabix,phenocode_annotate_lst,ICD10_code,to_remove,new_pheno_annot,lambda_gc_EUR.y,phenotype_qc_EUR,pops_pass_qc,sldsc_25bin_h2_observed_EUR,ICD10_code_new,to_remove_dups
biomarkers,30600,both_sexes,,irnt,Albumin,,,Biological samples > Assay results > Blood assays > Blood biochemistry,https://pan-ukb-us-east-1.s3.amazonaws.com/sumstats_flat_files_tabix/biomarkers-30600-both_sexes-irnt.tsv.bgz.tbi,422605.0,208336.0,179998.0,"AFR,AMR,CSA,EAS,EUR,MID",6.0,5759.0,856.0,7694.0,2340.0,367192.0,1364.0,,,,,,,0.25412,0.11268,0.24111,0.0613,0.064491,0.20459,1.0288,0.9948,1.0115,0.98514,1.3905,1.0028,biomarkers-30600-both_sexes-irnt.tsv.bgz,biomarkers-30600-both_sexes-irnt.tsv.bgz.tbi,https://pan-ukb-us-east-1.s3.amazonaws.com/sumstats_flat_files/biomarkers-30600-both_sexes-irnt.tsv.bgz,wget https://pan-ukb-us-east-1.s3.amazonaws.com/sumstats_flat_files/biomarkers-30600-both_sexes-irnt.tsv.bgz,wget https://pan-ukb-us-east-1.s3.amazonaws.com/sumstats_flat_files_tabix/biomarkers-30600-both_sexes-irnt.tsv.bgz.tbi,2022481897.0,2170693.0,5a411e0c80afb3467e640385097272b6,82b30fa9fbffa961bbd7f8c9d4caea9a,BI_Albumin_h0.06449_n422605,,0,BI_Albumin_h0.06449,1.37,PASS,"CSA,EUR",0.145,not_required,0
biomarkers,30610,both_sexes,,irnt,Alkaline phosphatase,,,Biological samples > Assay results > Blood assays > Blood biochemistry,https://pan-ukb-us-east-1.s3.amazonaws.com/sumstats_flat_files_tabix/biomarkers-30610-both_sexes-irnt.tsv.bgz.tbi,461525.0,229156.0,194910.0,"AFR,AMR,CSA,EAS,EUR,MID",6.0,6216.0,938.0,8422.0,2572.0,400988.0,1497.0,,,,,,,0.28471,0.202,0.39193,0.0,0.13053,0.73608,1.0258,0.99795,1.0664,0.96666,1.7025,1.0332,biomarkers-30610-both_sexes-irnt.tsv.bgz,biomarkers-30610-both_sexes-irnt.tsv.bgz.tbi,https://pan-ukb-us-east-1.s3.amazonaws.com/sumstats_flat_files/biomarkers-30610-both_sexes-irnt.tsv.bgz,wget https://pan-ukb-us-east-1.s3.amazonaws.com/sumstats_flat_files/biomarkers-30610-both_sexes-irnt.tsv.bgz,wget https://pan-ukb-us-east-1.s3.amazonaws.com/sumstats_flat_files_tabix/biomarkers-30610-both_sexes-irnt.tsv.bgz.tbi,2024340023.0,2170900.0,e371769e8133a0b2f61a1c2a84a6bc13,2b3b530c457633b0df90fd126f3ee181,BI_Alkaline_phosphatase_h0.13053_n461525,,0,BI_Alkaline_phosphatase_h0.13053,1.67,PASS,"CSA,EUR",0.205,not_required,0
biomarkers,30620,both_sexes,,irnt,Alanine aminotransferase,,,Biological samples > Assay results > Blood assays > Blood biochemistry,https://pan-ukb-us-east-1.s3.amazonaws.com/sumstats_flat_files_tabix/biomarkers-30620-both_sexes-irnt.tsv.bgz.tbi,461326.0,229118.0,194764.0,"AFR,AMR,CSA,EAS,EUR,MID",6.0,6214.0,937.0,8407.0,2570.0,400822.0,1499.0,,,,,,,0.39353,0.0,0.21917,0.1583,0.062796,0.2052,1.0244,0.68012,1.0258,1.0085,1.431,0.98781,biomarkers-30620-both_sexes-irnt.tsv.bgz,biomarkers-30620-both_sexes-irnt.tsv.bgz.tbi,https://pan-ukb-us-east-1.s3.amazonaws.com/sumstats_flat_files/biomarkers-30620-both_sexes-irnt.tsv.bgz,wget https://pan-ukb-us-east-1.s3.amazonaws.com/sumstats_flat_files/biomarkers-30620-both_sexes-irnt.tsv.bgz,wget https://pan-ukb-us-east-1.s3.amazonaws.com/sumstats_flat_files_tabix/biomarkers-30620-both_sexes-irnt.tsv.bgz.tbi,2024082964.0,2171094.0,2b2cfe22aaeacb6599a472f07d75a741,bde0c8575e2faaf00858d933a612e253,BI_Alanine_aminotransferase_h0.06280_n461326,,0,BI_Alanine_aminotransferase_h0.06280,1.42,PASS,"AFR,CSA,EUR,MID",0.124,not_required,0
biomarkers,30630,both_sexes,,irnt,Apolipoprotein A,,,Biological samples > Assay results > Blood assays > Blood biochemistry,https://pan-ukb-us-east-1.s3.amazonaws.com/sumstats_flat_files_tabix/biomarkers-30630-both_sexes-irnt.tsv.bgz.tbi,420088.0,206413.0,179623.0,"AFR,AMR,CSA,EAS,EUR,MID",6.0,5732.0,846.0,7679.0,2325.0,364987.0,1360.0,,,,,,,0.30678,0.33358,0.35787,0.29058,0.12164,0.4834,1.0134,0.98938,1.047,1.0105,1.6338,0.99278,biomarkers-30630-both_sexes-irnt.tsv.bgz,biomarkers-30630-both_sexes-irnt.tsv.bgz.tbi,https://pan-ukb-us-east-1.s3.amazonaws.com/sumstats_flat_files/biomarkers-30630-both_sexes-irnt.tsv.bgz,wget https://pan-ukb-us-east-1.s3.amazonaws.com/sumstats_flat_files/biomarkers-30630-both_sexes-irnt.tsv.bgz,wget https://pan-ukb-us-east-1.s3.amazonaws.com/sumstats_flat_files_tabix/biomarkers-30630-both_sexes-irnt.tsv.bgz.tbi,2021592884.0,2170566.0,9a47b6b4ee8a0145bebe27f6a5c532e5,b4024e688c160f39746f05105f0fcfa4,BI_Apolipoprotein_A_h0.12164_n420088,,0,BI_Apolipoprotein_A_h0.12164,1.63,PASS,"CSA,EUR,MID",0.182,not_required,0
biomarkers,30640,both_sexes,,irnt,Apolipoprotein B,,,Biological samples > Assay results > Blood assays > Blood biochemistry,https://pan-ukb-us-east-1.s3.amazonaws.com/sumstats_flat_files_tabix/biomarkers-30640-both_sexes-irnt.tsv.bgz.tbi,459181.0,228338.0,193583.0,"AFR,AMR,CSA,EAS,EUR,MID",6.0,6169.0,932.0,8352.0,2553.0,399003.0,1496.0,,,,,,,0.25469,0.36481,0.22124,0.18561,0.078514,0.0,1.0197,1.0121,1.0259,1.0259,1.3989,0.93302,biomarkers-30640-both_sexes-irnt.tsv.bgz,biomarkers-30640-both_sexes-irnt.tsv.bgz.tbi,https://pan-ukb-us-east-1.s3.amazonaws.com/sumstats_flat_files/biomarkers-30640-both_sexes-irnt.tsv.bgz,wget https://pan-ukb-us-east-1.s3.amazonaws.com/sumstats_flat_files/biomarkers-30640-both_sexes-irnt.tsv.bgz,wget https://pan-ukb-us-east-1.s3.amazonaws.com/sumstats_flat_files_tabix/biomarkers-30640-both_sexes-irnt.tsv.bgz.tbi,2023988080.0,2171238.0,d0b0fc4e29886d2c317b20999581bf81,99d3dbe0542c17335eb3dce3abf388a1,BI_Apolipoprotein_B_h0.07851_n459181,,0,BI_Apolipoprotein_B_h0.07851,1.46,PASS,"CSA,EUR,MID",0.102,not_required,0
biomarkers,30650,both_sexes,,irnt,Aspartate aminotransferase,,,Biological samples > Assay results > Blood assays > Blood biochemistry,https://pan-ukb-us-east-1.s3.amazonaws.com/sumstats_flat_files_tabix/biomarkers-30650-both_sexes-irnt.tsv.bgz.tbi,459799.0,228328.0,194127.0,"AFR,AMR,CSA,EAS,EUR,MID",6.0,6180.0,933.0,8395.0,2551.0,399482.0,1493.0,,,,,,,0.3148,0.2214,0.1904,0.0,0.072023,0.32104,1.0069,0.97997,1.0039,0.99691,1.4525,0.97557,biomarkers-30650-both_sexes-irnt.tsv.bgz,biomarkers-30650-both_sexes-irnt.tsv.bgz.tbi,https://pan-ukb-us-east-1.s3.amazonaws.com/sumstats_flat_files/biomarkers-30650-both_sexes-irnt.tsv.bgz,wget https://pan-ukb-us-east-1.s3.amazonaws.com/sumstats_flat_files/biomarkers-30650-both_sexes-irnt.tsv.bgz,wget https://pan-ukb-us-east-1.s3.amazonaws.com/sumstats_flat_files_tabix/biomarkers-30650-both_sexes-irnt.tsv.bgz.tbi,2023969116.0,2170693.0,d70428c2d0c6c0e98e36b30b48f4b693,77191182b4ab1a0cd1f4140c2163246d,BI_Aspartate_aminotransferase_h0.07202_n459799,,0,BI_Aspartate_aminotransferase_h0.07202,1.44,PASS,"CSA,EUR,MID",0.143,not_required,0
biomarkers,30660,both_sexes,,irnt,Direct bilirubin,,,Biological samples > Assay results > Blood assays > Blood biochemistry,https://pan-ukb-us-east-1.s3.amazonaws.com/sumstats_flat_files_tabix/biomarkers-30660-both_sexes-irnt.tsv.bgz.tbi,391906.0,178636.0,181467.0,"AFR,AMR,CSA,EAS,EUR,MID",6.0,5165.0,744.0,6961.0,2159.0,340934.0,1235.0,,,,,,,0.34061,0.0,0.28612,0.16269,0.10424,0.0,1.0254,0.6658,0.99166,1.014,1.4084,1.013,biomarkers-30660-both_sexes-irnt.tsv.bgz,biomarkers-30660-both_sexes-irnt.tsv.bgz.tbi,https://pan-ukb-us-east-1.s3.amazonaws.com/sumstats_flat_files/biomarkers-30660-both_sexes-irnt.tsv.bgz,wget https://pan-ukb-us-east-1.s3.amazonaws.com/sumstats_flat_files/biomarkers-30660-both_sexes-irnt.tsv.bgz,wget https://pan-ukb-us-east-1.s3.amazonaws.com/sumstats_flat_files_tabix/biomarkers-30660-both_sexes-irnt.tsv.bgz.tbi,2019290123.0,2170139.0,f96467cebbb26dc054bce17f5f9ae2ef,dc86bf4a9af464409c07ab094649eed4,BI_Direct_bilirubin_h0.10424_n391906,,0,BI_Direct_bilirubin_h0.10424,1.38,h2_z_insignificant,,0.057,not_required,0
biomarkers,30670,both_sexes,,irnt,Urea,,,Biological samples > Assay results > Blood assays > Blood biochemistry,https://pan-ukb-us-east-1.s3.amazonaws.com/sumstats_flat_files_tabix/biomarkers-30670-both_sexes-irnt.tsv.bgz.tbi,461200.0,228983.0,194773.0,"AFR,AMR,CSA,EAS,EUR,MID",6.0,6213.0,938.0,8422.0,2569.0,400687.0,1497.0,,,,,,,0.15282,0.0,0.16291,0.13641,0.057758,0.0,1.0253,0.83309,1.0,1.0036,1.4206,0.76392,biomarkers-30670-both_sexes-irnt.tsv.bgz,biomarkers-30670-both_sexes-irnt.tsv.bgz.tbi,https://pan-ukb-us-east-1.s3.amazonaws.com/sumstats_flat_files/biomarkers-30670-both_sexes-irnt.tsv.bgz,wget https://pan-ukb-us-east-1.s3.amazonaws.com/sumstats_flat_files/biomarkers-30670-both_sexes-irnt.tsv.bgz,wget https://pan-ukb-us-east-1.s3.amazonaws.com/sumstats_flat_files_tabix/biomarkers-30670-both_sexes-irnt.tsv.bgz.tbi,2024142260.0,2171030.0,64018cefdda3dcaae6058f37ca446f85,06fa1afee4cc475f870b6b1331189a88,BI_Urea_h0.05776_n461200,,0,BI_Urea_h0.05776,1.38,not_EUR_plus_1,,0.119,not_required,0
biomarkers,30680,both_sexes,,irnt,Calcium,,,Biological samples > Assay results > Blood assays > Blood biochemistry,https://pan-ukb-us-east-1.s3.amazonaws.com/sumstats_flat_files_tabix/biomarkers-30680-both_sexes-irnt.tsv.bgz.tbi,422461.0,208265.0,179931.0,"AFR,AMR,CSA,EAS,EUR,MID",6.0,5758.0,856.0,7697.0,2344.0,367050.0,1361.0,,,,,,,0.10477,0.0,0.13774,0.0375,0.065663,0.0,1.0365,0.54179,1.0243,0.99768,1.3113,1.0017,biomarkers-30680-both_sexes-irnt.tsv.bgz,biomarkers-30680-both_sexes-irnt.tsv.bgz.tbi,https://pan-ukb-us-east-1.s3.amazonaws.com/sumstats_flat_files/biomarkers-30680-both_sexes-irnt.tsv.bgz,wget https://pan-ukb-us-east-1.s3.amazonaws.com/sumstats_flat_files/biomarkers-30680-both_sexes-irnt.tsv.bgz,wget https://pan-ukb-us-east-1.s3.amazonaws.com/sumstats_flat_files_tabix/biomarkers-30680-both_sexes-irnt.tsv.bgz.tbi,2022465171.0,2170417.0,d26d152c8b09e97c8d8ef6b9e1567240,25b2f70f9b4730903e4cc8fb30c1ff99,BI_Calcium_h0.06566_n422461,,0,BI_Calcium_h0.06566,1.33,PASS,"CSA,EUR",0.131,not_required,0
biomarkers,30690,both_sexes,,irnt,Cholesterol,,,Biological samples > Assay results > Blood assays > Blood biochemistry,https://pan-ukb-us-east-1.s3.amazonaws.com/sumstats_flat_files_tabix/biomarkers-30690-both_sexes-irnt.tsv.bgz.tbi,461507.0,229127.0,194912.0,"AFR,AMR,CSA,EAS,EUR,MID",6.0,6212.0,938.0,8422.0,2572.0,400963.0,1500.0,,,,,,,0.26085,0.11719,0.22981,0.11579,0.06376,0.0,1.0406,1.0331,1.0297,0.99999,1.4138,0.85933,biomarkers-30690-both_sexes-irnt.tsv.bgz,biomarkers-30690-both_sexes-irnt.tsv.bgz.tbi,https://pan-ukb-us-east-1.s3.amazonaws.com/sumstats_flat_files/biomarkers-30690-both_sexes-irnt.tsv.bgz,wget https://pan-ukb-us-east-1.s3.amazonaws.com/sumstats_flat_files/biomarkers-30690-both_sexes-irnt.tsv.bgz,wget https://pan-ukb-us-east-1.s3.amazonaws.com/sumstats_flat_files_tabix/biomarkers-30690-both_sexes-irnt.tsv.bgz.tbi,2023817669.0,2171151.0,47d581e6bf95cb92be3d2602900161e9,60600a03be90de07c55b598789cc63da,BI_Cholesterol_h0.06376_n461507,,0,BI_Cholesterol_h0.06376,1.36,PASS,"CSA,EUR",0.108,not_required,0
biomarkers,30700,both_sexes,,irnt,Creatinine,,,Biological samples > Assay results > Blood assays > Blood biochemistry,https://pan-ukb-us-east-1.s3.amazonaws.com/sumstats_flat_files_tabix/biomarkers-30700-both_sexes-irnt.tsv.bgz.tbi,461280.0,229028.0,194804.0,"AFR,AMR,CSA,EAS,EUR,MID",6.0,6212.0,937.0,8422.0,2571.0,400761.0,1498.0,,,,,,,0.26719,0.0,0.36044,0.13004,0.092683,0.072,1.0098,0.61043,1.0333,1.013,1.6236,1.0203,biomarkers-30700-both_sexes-irnt.tsv.bgz,biomarkers-30700-both_sexes-irnt.tsv.bgz.tbi,https://pan-ukb-us-east-1.s3.amazonaws.com/sumstats_flat_files/biomarkers-30700-both_sexes-irnt.tsv.bgz,wget https://pan-ukb-us-east-1.s3.amazonaws.com/sumstats_flat_files/biomarkers-30700-both_sexes-irnt.tsv.bgz,wget https://pan-ukb-us-east-1.s3.amazonaws.com/sumstats_flat_files_tabix/biomarkers-30700-both_sexes-irnt.tsv.bgz.tbi,2023145702.0,2170780.0,23700c587b153ee0bdac77fb05cc2a8f,90d013140df0b071840fc5ad38038904,BI_Creatinine_h0.09268_n461280,,0,BI_Creatinine_h0.09268,1.55,PASS,"CSA,EUR,MID",0.213,not_required,0
biomarkers,30710,both_sexes,,irnt,C-reactive protein,,,Biological samples > Assay results > Blood assays > Blood biochemistry,https://pan-ukb-us-east-1.s3.amazonaws.com/sumstats_flat_files_tabix/biomarkers-30710-both_sexes-irnt.tsv.bgz.tbi,460502.0,228724.0,194391.0,"AFR,AMR,CSA,EAS,EUR,MID",6.0,6203.0,937.0,8397.0,2564.0,400094.0,1498.0,,,,,,,0.36954,0.45509,0.2657,0.18202,0.10576,0.0,1.0118,0.99801,1.039,1.0052,1.5802,1.0136,biomarkers-30710-both_sexes-irnt.tsv.bgz,biomarkers-30710-both_sexes-irnt.tsv.bgz.tbi,https://pan-ukb-us-east-1.s3.amazonaws.com/sumstats_flat_files/biomarkers-30710-both_sexes-irnt.tsv.bgz,wget https://pan-ukb-us-east-1.s3.amazonaws.com/sumstats_flat_files/biomarkers-30710-both_sexes-irnt.tsv.bgz,wget https://pan-ukb-us-east-1.s3.amazonaws.com/sumstats_flat_files_tabix/biomarkers-30710-both_sexes-irnt.tsv.bgz.tbi,2024046556.0,2170760.0,2f70efcc456ba6b49b24926ae6384375,e1d86016c6b2429a1e770ecc1a1ad297,BI_Creactive_protein_h0.10576_n460502,,0,BI_Creactive_protein_h0.10576,1.56,PASS,"CSA,EUR",0.15,not_required,0
biomarkers,30720,both_sexes,,irnt,Cystatin C,,,Biological samples > Assay results > Blood assays > Blood biochemistry,https://pan-ukb-us-east-1.s3.amazonaws.com/sumstats_flat_files_tabix/biomarkers-30720-both_sexes-irnt.tsv.bgz.tbi,461481.0,229120.0,194899.0,"AFR,AMR,CSA,EAS,EUR,MID",6.0,6213.0,940.0,8422.0,2573.0,400940.0,1500.0,,,,,,,0.23985,0.26455,0.36851,0.18847,0.14233,0.0,1.0369,1.0143,1.0548,1.0033,1.8587,1.0453,biomarkers-30720-both_sexes-irnt.tsv.bgz,biomarkers-30720-both_sexes-irnt.tsv.bgz.tbi,https://pan-ukb-us-east-1.s3.amazonaws.com/sumstats_flat_files/biomarkers-30720-both_sexes-irnt.tsv.bgz,wget https://pan-ukb-us-east-1.s3.amazonaws.com/sumstats_flat_files/biomarkers-30720-both_sexes-irnt.tsv.bgz,wget https://pan-ukb-us-east-1.s3.amazonaws.com/sumstats_flat_files_tabix/biomarkers-30720-both_sexes-irnt.tsv.bgz.tbi,2023791339.0,2171041.0,aedec08431822cea761b85662e1253e8,347602bfcd56cd4e0a710da976c763a9,BI_Cystatin_C_h0.14233_n461481,,0,BI_Cystatin_C_h0.14233,1.8,PASS,"CSA,EUR",0.23,not_required,0
biomarkers,30730,both_sexes,,irnt,Gamma glutamyltransferase,,,Biological samples > Assay results > Blood assays > Blood biochemistry,https://pan-ukb-us-east-1.s3.amazonaws.com/sumstats_flat_files_tabix/biomarkers-30730-both_sexes-irnt.tsv.bgz.tbi,461270.0,229034.0,194788.0,"AFR,AMR,CSA,EAS,EUR,MID",6.0,6212.0,938.0,8422.0,2569.0,400751.0,1498.0,,,,,,,0.45392,0.0,0.31746,0.47534,0.11351,0.85398,1.0408,0.96134,1.031,1.03,1.6675,1.03,biomarkers-30730-both_sexes-irnt.tsv.bgz,biomarkers-30730-both_sexes-irnt.tsv.bgz.tbi,https://pan-ukb-us-east-1.s3.amazonaws.com/sumstats_flat_files/biomarkers-30730-both_sexes-irnt.tsv.bgz,wget https://pan-ukb-us-east-1.s3.amazonaws.com/sumstats_flat_files/biomarkers-30730-both_sexes-irnt.tsv.bgz,wget https://pan-ukb-us-east-1.s3.amazonaws.com/sumstats_flat_files_tabix/biomarkers-30730-both_sexes-irnt.tsv.bgz.tbi,2023615208.0,2170905.0,c2cbbedcd0947c8235991050a0cd629e,4d3875e5de703b341e7a25793fce5252,BI_Gamma_glutamyltransferase_h0.11351_n461270,,0,BI_Gamma_glutamyltransferase_h0.11351,1.62,PASS,"CSA,EUR,MID",0.18,not_required,0
biomarkers,30760,both_sexes,,irnt,HDL cholesterol,,,Biological samples > Assay results > Blood assays > Blood biochemistry,https://pan-ukb-us-east-1.s3.amazonaws.com/sumstats_flat_files_tabix/biomarkers-30760-both_sexes-irnt.tsv.bgz.tbi,422405.0,208262.0,179888.0,"AFR,AMR,CSA,EAS,EUR,MID",6.0,5754.0,854.0,7688.0,2342.0,367021.0,1364.0,,,,,,,0.33753,0.59622,0.43414,0.22494,0.14343,0.4663,1.0169,1.0097,1.0177,1.0151,1.7823,0.99918,biomarkers-30760-both_sexes-irnt.tsv.bgz,biomarkers-30760-both_sexes-irnt.tsv.bgz.tbi,https://pan-ukb-us-east-1.s3.amazonaws.com/sumstats_flat_files/biomarkers-30760-both_sexes-irnt.tsv.bgz,wget https://pan-ukb-us-east-1.s3.amazonaws.com/sumstats_flat_files/biomarkers-30760-both_sexes-irnt.tsv.bgz,wget https://pan-ukb-us-east-1.s3.amazonaws.com/sumstats_flat_files_tabix/biomarkers-30760-both_sexes-irnt.tsv.bgz.tbi,2021668728.0,2170828.0,d0fd79329b4b355cd29e5b01fc25cb68,88aa7794c017cb7a37341ae651e5fd57,BI_HDL_cholesterol_h0.14343_n422405,,0,BI_HDL_cholesterol_h0.14343,1.71,PASS,"CSA,EUR",0.23,not_required,0
biomarkers,30770,both_sexes,,irnt,IGF-1,,,Biological samples > Assay results > Blood assays > Blood biochemistry,https://pan-ukb-us-east-1.s3.amazonaws.com/sumstats_flat_files_tabix/biomarkers-30770-both_sexes-irnt.tsv.bgz.tbi,459000.0,227858.0,193874.0,"AFR,AMR,CSA,EAS,EUR,MID",6.0,6178.0,934.0,8364.0,2560.0,398797.0,1493.0,,,,,,,0.23922,0.58906,0.36181,0.34686,0.10982,0.38861,1.0134,1.0066,1.0329,1.0295,1.6708,0.99978,biomarkers-30770-both_sexes-irnt.tsv.bgz,biomarkers-30770-both_sexes-irnt.tsv.bgz.tbi,https://pan-ukb-us-east-1.s3.amazonaws.com/sumstats_flat_files/biomarkers-30770-both_sexes-irnt.tsv.bgz,wget https://pan-ukb-us-east-1.s3.amazonaws.com/sumstats_flat_files/biomarkers-30770-both_sexes-irnt.tsv.bgz,wget https://pan-ukb-us-east-1.s3.amazonaws.com/sumstats_flat_files_tabix/biomarkers-30770-both_sexes-irnt.tsv.bgz.tbi,2024185343.0,2170894.0,ebcc2ad1de337e73e50498ee3ccd1b91,ac822ca599bac462caf5a02bc5f0f268,BI_IGF1_h0.10982_n459000,,0,BI_IGF1_h0.10982,1.65,PASS,"CSA,EUR",0.252,not_required,0
biomarkers,30780,both_sexes,,irnt,LDL direct,,,Biological samples > Assay results > Blood assays > Blood biochemistry,https://pan-ukb-us-east-1.s3.amazonaws.com/sumstats_flat_files_tabix/biomarkers-30780-both_sexes-irnt.tsv.bgz.tbi,460650.0,228761.0,194496.0,"AFR,AMR,CSA,EAS,EUR,MID",6.0,6200.0,938.0,8404.0,2568.0,400223.0,1498.0,,,,,,,0.26094,0.24541,0.20821,0.1205,0.060603,0.0,0.98763,0.99935,1.0185,1.0163,1.3201,1.0295,biomarkers-30780-both_sexes-irnt.tsv.bgz,biomarkers-30780-both_sexes-irnt.tsv.bgz.tbi,https://pan-ukb-us-east-1.s3.amazonaws.com/sumstats_flat_files/biomarkers-30780-both_sexes-irnt.tsv.bgz,wget https://pan-ukb-us-east-1.s3.amazonaws.com/sumstats_flat_files/biomarkers-30780-both_sexes-irnt.tsv.bgz,wget https://pan-ukb-us-east-1.s3.amazonaws.com/sumstats_flat_files_tabix/biomarkers-30780-both_sexes-irnt.tsv.bgz.tbi,2023816844.0,2171288.0,b9bac35413668f562f77953b60766706,58901d8a9308650e2bd3f95f4b19dd57,BI_LDL_direct_h0.06060_n460650,,0,BI_LDL_direct_h0.06060,1.29,PASS,"CSA,EUR",0.0907,not_required,0
biomarkers,30790,both_sexes,,irnt,Lipoprotein A,,,Biological samples > Assay results > Blood assays > Blood biochemistry,https://pan-ukb-us-east-1.s3.amazonaws.com/sumstats_flat_files_tabix/biomarkers-30790-both_sexes-irnt.tsv.bgz.tbi,369165.0,183555.0,154992.0,"AFR,AMR,CSA,EAS,EUR,MID",6.0,5140.0,773.0,7400.0,2279.0,318922.0,1282.0,,,,,,,0.51845,0.7967,0.31525,0.19884,0.082262,0.65584,1.0135,1.005,1.0166,1.0301,1.2389,0.99969,biomarkers-30790-both_sexes-irnt.tsv.bgz,biomarkers-30790-both_sexes-irnt.tsv.bgz.tbi,https://pan-ukb-us-east-1.s3.amazonaws.com/sumstats_flat_files/biomarkers-30790-both_sexes-irnt.tsv.bgz,wget https://pan-ukb-us-east-1.s3.amazonaws.com/sumstats_flat_files/biomarkers-30790-both_sexes-irnt.tsv.bgz,wget https://pan-ukb-us-east-1.s3.amazonaws.com/sumstats_flat_files_tabix/biomarkers-30790-both_sexes-irnt.tsv.bgz.tbi,2017626520.0,2170054.0,091e8edfa678a60c01246256e0393790,eebb50e4eedcb5b073803dedc788e331,BI_Lipoprotein_A_h0.08226_n369165,,0,BI_Lipoprotein_A_h0.08226,1.23,h2_z_insignificant,,0.0036,not_required,0
biomarkers,30810,both_sexes,,irnt,Phosphate,,,Biological samples > Assay results > Blood assays > Blood biochemistry,https://pan-ukb-us-east-1.s3.amazonaws.com/sumstats_flat_files_tabix/biomarkers-30810-both_sexes-irnt.tsv.bgz.tbi,421793.0,207949.0,179652.0,"AFR,AMR,CSA,EAS,EUR,MID",6.0,5750.0,854.0,7685.0,2342.0,366484.0,1360.0,,,,,,,0.26905,0.0,0.20553,0.23469,0.061334,0.0,1.0447,0.67588,1.0167,0.99058,1.3538,0.74499,biomarkers-30810-both_sexes-irnt.tsv.bgz,biomarkers-30810-both_sexes-irnt.tsv.bgz.tbi,https://pan-ukb-us-east-1.s3.amazonaws.com/sumstats_flat_files/biomarkers-30810-both_sexes-irnt.tsv.bgz,wget https://pan-ukb-us-east-1.s3.amazonaws.com/sumstats_flat_files/biomarkers-30810-both_sexes-irnt.tsv.bgz,wget https://pan-ukb-us-east-1.s3.amazonaws.com/sumstats_flat_files_tabix/biomarkers-30810-both_sexes-irnt.tsv.bgz.tbi,2022299318.0,2170642.0,ebc722eb12e9832b6d75863ea6825e1b,84104d3ffa65cf7d4a3d7cc440f43719,BI_Phosphate_h0.06133_n421793,,0,BI_Phosphate_h0.06133,1.35,PASS,"CSA,EUR",0.126,not_required,0
biomarkers,30830,both_sexes,,irnt,SHBG,,,Biological samples > Assay results > Blood assays > Blood biochemistry,https://pan-ukb-us-east-1.s3.amazonaws.com/sumstats_flat_files_tabix/biomarkers-30830-both_sexes-irnt.tsv.bgz.tbi,418540.0,206013.0,178611.0,"AFR,AMR,CSA,EAS,EUR,MID",6.0,5709.0,849.0,7643.0,2327.0,363650.0,1348.0,,,,,,,0.31819,0.42962,0.33503,0.2649,0.10388,0.55442,0.98081,1.0055,1.0133,1.0148,1.5838,1.0333,biomarkers-30830-both_sexes-irnt.tsv.bgz,biomarkers-30830-both_sexes-irnt.tsv.bgz.tbi,https://pan-ukb-us-east-1.s3.amazonaws.com/sumstats_flat_files/biomarkers-30830-both_sexes-irnt.tsv.bgz,wget https://pan-ukb-us-east-1.s3.amazonaws.com/sumstats_flat_files/biomarkers-30830-both_sexes-irnt.tsv.bgz,wget https://pan-ukb-us-east-1.s3.amazonaws.com/sumstats_flat_files_tabix/biomarkers-30830-both_sexes-irnt.tsv.bgz.tbi,2021749295.0,2171183.0,7311a84378bc58f12ff206235cc129e2,4ae69d58e87829ae73fc75512368c9da,BI_SHBG_h0.10388_n418540,,0,BI_SHBG_h0.10388,1.54,PASS,"CSA,EUR,MID",0.199,not_required,0
biomarkers,30840,both_sexes,,irnt,Total bilirubin,,,Biological samples > Assay results > Blood assays > Blood biochemistry,https://pan-ukb-us-east-1.s3.amazonaws.com/sumstats_flat_files_tabix/biomarkers-30840-both_sexes-irnt.tsv.bgz.tbi,459567.0,228177.0,194071.0,"AFR,AMR,CSA,EAS,EUR,MID",6.0,6176.0,933.0,8395.0,2549.0,399286.0,1491.0,,,,,,,0.41174,0.0,0.45464,0.0488,0.13895,0.0554,1.013,0.9073,1.0347,1.0233,1.5504,0.98178,biomarkers-30840-both_sexes-irnt.tsv.bgz,biomarkers-30840-both_sexes-irnt.tsv.bgz.tbi,https://pan-ukb-us-east-1.s3.amazonaws.com/sumstats_flat_files/biomarkers-30840-both_sexes-irnt.tsv.bgz,wget https://pan-ukb-us-east-1.s3.amazonaws.com/sumstats_flat_files/biomarkers-30840-both_sexes-irnt.tsv.bgz,wget https://pan-ukb-us-east-1.s3.amazonaws.com/sumstats_flat_files_tabix/biomarkers-30840-both_sexes-irnt.tsv.bgz.tbi,2024619209.0,2171620.0,23576e0efdbd1290a68fafea58ae4b50,6fa8051148167e57650116345fc8ee3b,BI_Total_bilirubin_h0.13895_n459567,,0,BI_Total_bilirubin_h0.13895,1.53,not_EUR_plus_1,,0.08,not_required,0
biomarkers,30860,both_sexes,,irnt,Total protein,,,Biological samples > Assay results > Blood assays > Blood biochemistry,https://pan-ukb-us-east-1.s3.amazonaws.com/sumstats_flat_files_tabix/biomarkers-30860-both_sexes-irnt.tsv.bgz.tbi,422149.0,208145.0,179759.0,"AFR,AMR,CSA,EAS,EUR,MID",6.0,5759.0,856.0,7696.0,2342.0,366758.0,1362.0,,,,,,,0.22431,0.0,0.15127,0.17289,0.080109,0.31893,1.0048,0.99437,1.0214,1.0042,1.4404,1.0397,biomarkers-30860-both_sexes-irnt.tsv.bgz,biomarkers-30860-both_sexes-irnt.tsv.bgz.tbi,https://pan-ukb-us-east-1.s3.amazonaws.com/sumstats_flat_files/biomarkers-30860-both_sexes-irnt.tsv.bgz,wget https://pan-ukb-us-east-1.s3.amazonaws.com/sumstats_flat_files/biomarkers-30860-both_sexes-irnt.tsv.bgz,wget https://pan-ukb-us-east-1.s3.amazonaws.com/sumstats_flat_files_tabix/biomarkers-30860-both_sexes-irnt.tsv.bgz.tbi,2022170144.0,2170962.0,ee0e3dc72282ad1ecafb06bef3d206a5,ed9163a743ca318faaebc70758650ceb,BI_Total_protein_h0.08011_n422149,,0,BI_Total_protein_h0.08011,1.46,PASS,"CSA,EUR,MID",0.164,not_required,0
biomarkers,30870,both_sexes,,irnt,Triglycerides,,,Biological samples > Assay results > Blood assays > Blood biochemistry,https://pan-ukb-us-east-1.s3.amazonaws.com/sumstats_flat_files_tabix/biomarkers-30870-both_sexes-irnt.tsv.bgz.tbi,461140.0,228999.0,194702.0,"AFR,AMR,CSA,EAS,EUR,MID",6.0,6211.0,937.0,8415.0,2570.0,400639.0,1499.0,,,,,,,0.29571,0.58936,0.27094,0.11737,0.089395,0.31476,1.0336,1.0152,1.026,0.98889,1.654,0.99251,biomarkers-30870-both_sexes-irnt.tsv.bgz,biomarkers-30870-both_sexes-irnt.tsv.bgz.tbi,https://pan-ukb-us-east-1.s3.amazonaws.com/sumstats_flat_files/biomarkers-30870-both_sexes-irnt.tsv.bgz,wget https://pan-ukb-us-east-1.s3.amazonaws.com/sumstats_flat_files/biomarkers-30870-both_sexes-irnt.tsv.bgz,wget https://pan-ukb-us-east-1.s3.amazonaws.com/sumstats_flat_files_tabix/biomarkers-30870-both_sexes-irnt.tsv.bgz.tbi,2024194969.0,2171401.0,6fa1506e80486b69b817763a802826bd,8e415c10ec2f28a712e689112f3ce995,BI_Triglycerides_h0.08940_n461140,,0,BI_Triglycerides_h0.08940,1.6,PASS,"AFR,CSA,EUR",0.177,not_required,0
biomarkers,30880,both_sexes,,irnt,Urate,,,Biological samples > Assay results > Blood assays > Blood biochemistry,https://pan-ukb-us-east-1.s3.amazonaws.com/sumstats_flat_files_tabix/biomarkers-30880-both_sexes-irnt.tsv.bgz.tbi,460950.0,228839.0,194680.0,"AFR,AMR,CSA,EAS,EUR,MID",6.0,6206.0,938.0,8411.0,2569.0,400469.0,1497.0,,,,,,,0.38883,0.1599,0.26783,0.29497,0.097922,0.51235,1.0103,1.0165,1.0012,1.0461,1.5676,1.0137,biomarkers-30880-both_sexes-irnt.tsv.bgz,biomarkers-30880-both_sexes-irnt.tsv.bgz.tbi,https://pan-ukb-us-east-1.s3.amazonaws.com/sumstats_flat_files/biomarkers-30880-both_sexes-irnt.tsv.bgz,wget https://pan-ukb-us-east-1.s3.amazonaws.com/sumstats_flat_files/biomarkers-30880-both_sexes-irnt.tsv.bgz,wget https://pan-ukb-us-east-1.s3.amazonaws.com/sumstats_flat_files_tabix/biomarkers-30880-both_sexes-irnt.tsv.bgz.tbi,2023076503.0,2171336.0,d09ce69786f357b6a4913a278931dc92,ec114c480191704b1203773d016c39a5,BI_Urate_h0.09792_n460950,,0,BI_Urate_h0.09792,1.59,PASS,"CSA,EUR,MID",0.172,not_required,0
